date_time,city_area,state,country,ufo_shape,encounter_length,described_encounter_length,description,date_documented,latitude,longitude
10/10/2002 06:00,seattle,wa,us,sphere,90,90 seconds,Light falls from sky,10/15/2002,47.6063889,-122.3308333
10/10/2005 07:40,seattle,wa,us,other,60,one + minutes,round symetrical with roundish flat bottom shiny white colored low flying bigger than  a plane.,10/11/2005,47.6063889,-122.3308333
10/10/2008 20:00,seattle,wa,us,light,180,3 minutes,Around 8:00 pm? I Went out side and looked up at the stars and I saw a light which I thought was a small faded star  until it started t,10/31/2008,47.6063889,-122.3308333
10/11/2007 19:50,seattle,wa,us,triangle,10,10 seconds,I saw two orange colored lights&#44 close together but moving independently across the sky&#44 at high rate of speed. Then they disappeared.,11/28/2007,47.6063889,-122.3308333
10/1/2001 01:05,seattle,wa,us,NA,1,1 sec,just a meteor sighting...,10/12/2001,47.6063889,-122.3308333
10/1/2002 05:35,seattle,wa,us,unknown,1,a second?,On the morning of 10/01/02 I was driving to work on HI5 in Seattle Wa. and I was south bound by the old Rainier Brewery and saw a brigh,10/15/2002,47.6063889,-122.3308333
10/1/2002 05:42,seattle,wa,us,teardrop,3,3 seconds,Initially a comet in appearance&#44 but speed was too slow.,10/15/2002,47.6063889,-122.3308333
10/1/2002 05:43,seattle,wa,us,other,2,2 seconds,I saw a green object above Seattle&#44 at about 5:45 AM on 10/1&#44 occuring at the time of a northern lights display.,10/15/2002,47.6063889,-122.3308333
10/1/2006 20:34,seattle,wa,us,teardrop,12,12 seconds,Very large yellow teardrop-shaped disk or meteor dropping several or many miles East of Seattle&#44 Washington - watched for 12-14 seconds,10/30/2006,47.6063889,-122.3308333
10/1/2006 21:00,seattle,wa,us,light,20,20 seconds,A VERY bright and transluscent light that seemed to glow more than create a shape hovered above Lake Washington (so it seemed) in the W,10/30/2006,47.6063889,-122.3308333
10/13/2007 23:00,seattle,wa,us,unknown,7200,over 2 hours,Distant dancing light in the sky southeast of Seattle for prolonged time,11/28/2007,47.6063889,-122.3308333
10/15/1999 20:15,seattle,wa,us,chevron,60,1 minute,4 lights in chevron-shape&#44 crossed north t south on clear night sky.  Lost sight of&#44 then shape came back south to north&#44 very fast.,10/19/1999,47.6063889,-122.3308333
10/15/2001 20:22,seattle,wa,us,circle,5,5 seconds,i saw a large flaming blue sphere west of seattle,11/20/2001,47.6063889,-122.3308333
10/15/2001 22:00,seattle,wa,us,fireball,5,evening hour,green fireball ocross nite sky,11/20/2001,47.6063889,-122.3308333
10/15/2002 07:30,seattle,wa,us,rectangle,120,2 minutes,Dark rectangle&#44 almost a cube; no lights&#44 no sound&#44 no wings&#44 no reflective surface&#44 seen in daylight,11/4/2002,47.6063889,-122.3308333
10/15/2005 22:00,seattle,wa,us,cylinder,90,1.5 min,Cylindrical object hovering past my car at close range,4/27/2007,47.6063889,-122.3308333
10/15/2009 22:00,seattle,wa,us,light,300,3 - 5 minutes,A flying light in Seattle to the west of the aurora bridge,12/12/2009,47.6063889,-122.3308333
10/17/2002 19:13,seattle,wa,us,unknown,3,2-3 sec.,Peculiar&#44 shapeless object with several distinct lights seen streaking over Greenlake Park in Seattle.,10/28/2002,47.6063889,-122.3308333
10/18/2000 20:45,seattle,wa,us,circle,15,10 to 15 seconds,If there are a such of things as green meteors&#44 then there must be little green  leprechauns driving them.,12/2/2000,47.6063889,-122.3308333
10/19/2010 18:30,seattle,wa,us,light,5,5 seconds,A moment later I looked up again and saw two lights (only slightly smaller and less bright than the planet) below Jupiter.,11/21/2010,47.6063889,-122.3308333
10/20/1999 01:30,seattle,wa,us,sphere,300,3 to 5 minutes,11/20/99 1:30am purple glowing sphere moves in a straight line across a clear starry quarter moon night.,3/16/2001,47.6063889,-122.3308333
10/21/2006 07:10,seattle,wa,us,triangle,30,30 seconds,Gigantic triangle flys over Seatac and makes hard left turn.,10/30/2006,47.6063889,-122.3308333
10/21/2011 06:59,seattle,wa,us,unknown,120,2 min,Stationary object&#44 Very brightlights&#44 swooped to the NW into a fog bank.,10/25/2011,47.6063889,-122.3308333
10/22/2011 15:00,seattle,wa,us,other,180,3 minutes,Unfathomable beauty in the sky in the form of something which I cannot explain,10/25/2011,47.6063889,-122.3308333
10/23/2000 21:45,seattle,wa,us,light,3,3 seconds,Very clear night. I saw what I thought was a largish shooting star falling south to north &#44 as it decended from a little under the airp,12/2/2000,47.6063889,-122.3308333
10/23/2000 21:55,seattle,wa,us,sphere,2,2 seconds,blue ball streaks across seattle skyline heading west in under 2 seconds,12/2/2000,47.6063889,-122.3308333
10/23/2003 21:00,seattle,wa,us,unknown,3,3 seconds,&quot;W&quot; shaped meteor burns up above Seattle,10/31/2003,47.6063889,-122.3308333
10/23/2003 21:18,seattle,wa,us,cone,12,10-12 seconds,It was a red and green coneshaped object that flashed briefly across the night sky.,10/31/2003,47.6063889,-122.3308333
10/23/2003 21:40,seattle,wa,us,circle,10,10 seconds,A bright white circular object moving quickly from north to south.,10/31/2003,47.6063889,-122.3308333
10/24/2004 17:00,seattle,wa,us,cylinder,300,5 minutes,A bending black rod hovering over First Hill&#33,11/2/2004,47.6063889,-122.3308333
10/25/2000 20:30,seattle,wa,us,triangle,2700,45 minutes,Sparkling contrails in triangle pattern.,12/2/2000,47.6063889,-122.3308333
10/25/2008 07:30,seattle,wa,us,light,60,1:00,Star like light moving in a zig zag pattern,10/31/2008,47.6063889,-122.3308333
10/25/2011 23:00,seattle,wa,us,light,60,about 1 minute,Star-like light with humanly incapable flight pattern,1/12/2012,47.6063889,-122.3308333
10/26/1998 18:15,seattle,wa,us,fireball,3,2-3 seconds,FIREBALL CAME STRAIGHT DOWN FROM THE SKY&#44 IT HAD A TAIL GOING STRAIGHT UP LASTED 2 TO 3 SECONDS AND DISAPPEARED.,11/1/1998,47.6063889,-122.3308333
10/26/2007 18:55,seattle,wa,us,formation,5,3-5 seconds,Bright object falling from sky towards Seattle airport 10/26/07,11/28/2007,47.6063889,-122.3308333
10/26/2009 03:30,seattle,wa,us,unknown,2400,40 min,Two craft hovering in the sky above north seattle,12/12/2009,47.6063889,-122.3308333
10/27/2000 10:30,seattle,wa,us,oval,30,30 seconds,Shiny gold/black large balloon like object travelling up Puget Sound WA w/ consistent altitude,12/2/2000,47.6063889,-122.3308333
10/29/2006 20:00,seattle,wa,us,sphere,5,5 seconds,Blue-ish sphere with white trail seen traveling north to south Sunday 8PM October 29&#44 2006.,12/7/2006,47.6063889,-122.3308333
10/30/1995 23:30,seattle,wa,us,NA,1800,30 min.,Woman rpts peculiar bright obj. in NW sky&#44 45 deg. above horizon.  (Reported 02NO95 obj. was not present on subsequent nights.),11/2/1999,47.6063889,-122.3308333
10/30/2004 04:00,seattle,wa,us,formation,30,30 seconds,Flying v-formation of glowing orb-like craft.,11/2/2004,47.6063889,-122.3308333
10/31/2002 07:45,seattle,wa,us,light,300,five minuets,Small bright light around north face of Mt. Rainier,11/4/2002,47.6063889,-122.3308333
10/31/2003 03:40,seattle,wa,us,unknown,1200,15-20 minutes,Strange hovering and engineless jet noises too near for comfort.,10/31/2003,47.6063889,-122.3308333
10/31/2003 07:30,seattle,wa,us,light,15,10-15 seconds,a steaking light in the bright morning sky,11/11/2003,47.6063889,-122.3308333
10/31/2004 00:00,seattle,wa,us,fireball,10,10 seconds,3 of us were standing out on my deck halloween nite. we were talking about telescopes. I started to point at a star in the clear nite s,12/3/2004,47.6063889,-122.3308333
10/31/2004 08:00,seattle,wa,us,light,10,.10,103104 Bright Light,12/3/2004,47.6063889,-122.3308333
10/31/2004 20:00,seattle,wa,us,light,15,15 seconds,single light going away,12/3/2004,47.6063889,-122.3308333
10/31/2006 10:30,seattle,wa,us,unknown,1800,30minutes,Strange objects in the morning sky over Seattle - on Halloween.  ((NUFORC Note:  A contrail&#44 we believe.  PD)),12/7/2006,47.6063889,-122.3308333
10/31/2011 19:15,seattle,wa,us,fireball,120,2 minutes,Glowing orange orb flying North to South across Lake Washington 10/31/2011,12/12/2011,47.6063889,-122.3308333
10/3/1999 21:45,seattle,wa,us,teardrop,10,10 secs.,An eliptical-teardrop shaped object travelling approx.15-20 degrees above the horizon&#44 from SE to NW in a horizontal position  along Se,10/19/1999,47.6063889,-122.3308333
10/3/2010 22:30,seattle,wa,us,fireball,60,1 minute,Fireball above Puget Sound,11/21/2010,47.6063889,-122.3308333
10/4/2005 01:00,seattle,wa,us,other,2,a few seconds,6 dimly lit orbs travelint at a high speed,12/16/2005,47.6063889,-122.3308333
10/4/2008 20:00,seattle,wa,us,light,1,1 sec,Boeing Airfield,10/31/2008,47.6063889,-122.3308333
10/4/2013 00:20,seattle,wa,us,teardrop,3,3 seconds,Stingray shaped object with red lights.,10/14/2013,47.6063889,-122.3308333
10/4/2013 22:20,seattle,wa,us,oval,600,10 minutes,Sighting of two orange reddish objects&#44 north of Puget Sound in Seattle,10/14/2013,47.6063889,-122.3308333
10/6/2000 10:50,seattle,wa,us,sphere,5,3-5 seconds,Observed a round&#44 metallic object proceeding west or SW at apparent high rate of speed--object appeared to dissappear after 3-5 seconds,12/2/2000,47.6063889,-122.3308333
10/7/2009 20:10,seattle,wa,us,other,10,10 sec,brief sighting of object with faint amber lights traveling over Seattle,12/12/2009,47.6063889,-122.3308333
11/11/1966 02:00,seattle,wa,us,disk,120,2 minutes,Driving around after swingshift to relax. Drove by familiar watertower; a red&#44 flashing light caught my eye--to bright for the tower li,2/16/1999,47.6063889,-122.3308333
11/11/2011 03:30,seattle,wa,us,light,900,10-15 min,5 red lights flying north,12/12/2011,47.6063889,-122.3308333
1/11/2004 16:00,seattle,wa,us,oval,20,20 seconds,Oval craft seen flying over Lake Washington on 01/11/04 at 4:00 pm.,1/17/2004,47.6063889,-122.3308333
11/1/2006 12:57,seattle,wa,us,other,600,10 minutes,Fighter type UFO over Seattle details on its shape clearly visible with ordinary binoculars,12/7/2006,47.6063889,-122.3308333
11/1/2012 20:45,seattle,wa,us,light,120,<2 minutes,Lights heading for a collision in the sky over Seattle,11/19/2012,47.6063889,-122.3308333
11/12/1997 17:30,seattle,wa,us,light,8,8 seconds,Looked up in the sky in a S-SW direction.  Noticed 2 &quot;stars&quot; that were moving together at the same speed.  They traveled for about 3 se,1/28/1999,47.6063889,-122.3308333
11/12/2005 00:45,seattle,wa,us,other,3,3 seconds,Disc shaped&#44 blue and white coloured object slicing the sky very quickly.,12/16/2005,47.6063889,-122.3308333
11/14/1997 21:00,seattle,wa,us,formation,8,5-8 seconds,Siting at stop light on Alaskan Way&#44 heading west.  Streaks of lights came flying across the sky&#44 coming from over the Puget Sound.  Th,1/28/1999,47.6063889,-122.3308333
11/14/2011 20:05,seattle,wa,us,fireball,60,< 1 minute,Reddish/Orange light seen over Seattle&#44 WA,12/12/2011,47.6063889,-122.3308333
11/15/2008 18:20,seattle,wa,us,fireball,1800,25-30 minutes,Flaming ball moves slow and turns on a dime,12/12/2009,47.6063889,-122.3308333
11/15/2011 19:35,seattle,wa,us,sphere,2,2 seconds,Orange sphere appears and skirts across the sky,12/12/2011,47.6063889,-122.3308333
11/17/1995 23:00,seattle,wa,us,NA,10800,3 hrs.,Man repts. witnessing peculiar red and blue flashes over Seattle.  One flash filled 180 deg. of sky w/ red light.  Observed an orb.,11/2/1999,47.6063889,-122.3308333
11/17/1995 23:00,seattle,wa,us,NA,10800,3 hrs.,Young woman repts. witnessing multiple &quot;flashes of red and blue light&quot; in and above the clouds.  Were to the NE of Capitol Hill.,11/2/1999,47.6063889,-122.3308333
11/17/1995 23:30,seattle,wa,us,NA,1200,20 min.,Young woman in Seattle Univ. dormitory sees bizarre&#44 pronounced red&#44 pink&#44 blue intense&#44 multiple flashes of light in clouds to east.,11/2/1999,47.6063889,-122.3308333
11/17/1995 23:30,seattle,wa,us,NA,2280,38 min.,2nd Seattle Univ. student calls to report remarkable &quot;pink and &quot; blue flashing lights in&#44 or above the clouds.,11/2/1999,47.6063889,-122.3308333
11/18/2001 02:00,seattle,wa,us,triangle,10,8 to 10 seconds,Three dark orange objects flew quickly across the sky at about 2:00 AM (approx) during the Leonid meteor shower.,11/20/2001,47.6063889,-122.3308333
11/18/2001 02:22,seattle,wa,us,other,20,20 seconds,Slow-flying crescent made up of lots of little balls flies over downtown Seattle,11/20/2001,47.6063889,-122.3308333
11/18/2001 02:30,seattle,wa,us,circle,90,90 seconds,Two yellow-amber spheres; one disappeared slowly&#44 the other changed direction&#44 stopped&#44 &amp; vanished.,11/20/2001,47.6063889,-122.3308333
11/19/2008 22:15,seattle,wa,us,light,10,10 seconds,Blue/green light falling from the sky (NE) viewed from West Seattle,1/10/2009,47.6063889,-122.3308333
1/1/1972 16:00,seattle,wa,us,triangle,30,30 sec.,Man reports sighting in l972 or 1973.  Heard woman scream&#44 turned&#44 and saw large triangular ship in sky.,11/2/1999,47.6063889,-122.3308333
1/1/1992 00:00,seattle,wa,us,other,120,2 min,I and a witness saw a black helicopter like object in a very populated area af Seattle Wa&#44 got a good long look at it but it was night.,12/9/2003,47.6063889,-122.3308333
1/1/1996 23:00,seattle,wa,us,sphere,20,20 seconds,saw circle in lightning,10/31/2003,47.6063889,-122.3308333
1/1/2008 17:15,seattle,wa,us,changing,75,1 minute 15 sec,Bright flying object over the puget sound,1/21/2008,47.6063889,-122.3308333
11/20/1998 22:25,seattle,wa,us,flash,600,~10 minutes,Bright&#44 multi-colored (mostly green and blue&#44 but some red) flashes across the eastern horizon.,1/28/1999,47.6063889,-122.3308333
11/21/2008 19:30,seattle,wa,us,unknown,720,10-12 minutes,Slow red strobe light&#44 static in position&#44 high above air traffic,1/10/2009,47.6063889,-122.3308333
11/23/2000 01:03,seattle,wa,us,light,4,4 sec,the light looked bright white round golf ball size when above me&#44 but became a flattened horizontal band of five lights as it moved rap,12/2/2000,47.6063889,-122.3308333
11/23/2003 22:30,seattle,wa,us,NA,5,5 seconds,Freak Seattle lightning strike on or about 11/23&#44 similar event in other west coast locations.,12/9/2003,47.6063889,-122.3308333
11/27/1996 19:30,seattle,wa,us,NA,5,5 sec.,Woman reports witnessing a distinctly green flash of light&#44 followed by a second identical flash.  Very strange in appearance.,11/2/1999,47.6063889,-122.3308333
1/13/1983 17:00,seattle,wa,us,sphere,600,10 minutes,An orange ball over Seattle left a stream of fluid along its path. Looking through the fluid the stars behind it were greatly magnified,8/30/1999,47.6063889,-122.3308333
11/3/2000 00:45,seattle,wa,us,light,3,2-3 seconds,Bright&#44 star-like&#44 floating object descending in western sky.,12/2/2000,47.6063889,-122.3308333
11/3/2001 17:35,seattle,wa,us,other,2,2 and a half to 3 seconds,Glowing bright orange&#44 looked as though it was gliding.,12/5/2001,47.6063889,-122.3308333
1/13/2007 03:00,seattle,wa,us,light,2700,30-45 minutes,Brilliant chartreuse green flashing beam&#44 within a ring of bright red lights in Puget Sound.  ((NUFORC Note:  Sirius??  PD)),2/1/2007,47.6063889,-122.3308333
11/4/1997 20:45,seattle,wa,us,light,2,1to2 seconds,Seen in the SE sky over chuch&#44 bright light too big to be a star&#44it was complety still. then in split second disappaered going SW at sp,1/28/1999,47.6063889,-122.3308333
11/4/2003 01:14,seattle,wa,us,light,6,6 seconds,This was a meteor sighting. It was very bright&#44 and broke in two after a few seconds.,11/8/2003,47.6063889,-122.3308333
11/4/2004 01:15,seattle,wa,us,light,7200,2+ hours,Very unusual &quot;star&quot; to the SE Seattle sky  ((NUFORC Note:  Venus??  PD)),11/9/2004,47.6063889,-122.3308333
11/5/2004 16:15,seattle,wa,us,triangle,2,several seconds,Triangle UFO in Seattle U-district,11/9/2004,47.6063889,-122.3308333
11/5/2011 23:00,seattle,wa,us,sphere,5,5 sec,2 orange balls traveling far faster than any jet in straight line with no sound.,12/12/2011,47.6063889,-122.3308333
1/17/1995 23:07,seattle,wa,us,NA,2700,45 min.,Woman reports unusual blue lights.  (Probably lights on neighbor&#39s radio antenna&#44 she later reported.),11/2/1999,47.6063889,-122.3308333
11/7/1996 23:30,seattle,wa,us,sphere,7,7 sec.,Dimly lit group of colored objects hovering over the Woodland Park Zoo emitting light beams similar to spotlights.I was walking my,3/7/1998,47.6063889,-122.3308333
11/7/2001 20:30,seattle,wa,us,formation,30,20-30 seconds,V-Formation over West Seattle,11/20/2001,47.6063889,-122.3308333
11/7/2004 23:20,seattle,wa,us,triangle,5,5 sec.,Bizarre object observed during dramatic display of aurora borealis.,11/9/2004,47.6063889,-122.3308333
11/7/2004 23:42,seattle,wa,us,triangle,30,30seconds,a clearly triangular thing with glowing circles on the bottom orange all around and perfect,11/9/2004,47.6063889,-122.3308333
1/18/2010 20:15,seattle,wa,us,light,120,2 minutes,Bright&#44 flickering orange light,2/14/2010,47.6063889,-122.3308333
1/18/2011 05:45,seattle,wa,us,disk,30,30 seconds,UFO briefly hovers over Seattle&#44 then disappears in a straight upward movement.,1/31/2011,47.6063889,-122.3308333
11/9/2008 22:03,seattle,wa,us,fireball,40,40 seconds,((HOAX??))  Bight light seen northwest of downtown Seattle.,1/10/2009,47.6063889,-122.3308333
11/9/2009 21:00,seattle,wa,us,triangle,120,2 min,UFO in Seattle,12/12/2009,47.6063889,-122.3308333
12/11/1997 19:15,seattle,wa,us,light,3,3 seconds,Extremely rapid&#44 silent&#44 non-streaking bright light moving from north to south at probably 15 to 25 degrees along the eastern horizon a,3/7/1998,47.6063889,-122.3308333
12/1/2004 05:00,seattle,wa,us,cylinder,600,10 min,heading north to south&#44 was a strobe light&#44dissapeared in clouds.,12/3/2004,47.6063889,-122.3308333
12/1/2012 11:35,seattle,wa,us,oval,60,1 minute,Oval craft seen flying over lake washington towards Seattle.,12/20/2012,47.6063889,-122.3308333
12/13/2004 22:15,seattle,wa,us,NA,2,2 seconds,Hi Mr. Davenport: Just spoke to you about the &#8220;meteorite&#8221; that I saw or think I saw last night&#44Dec. 13&#44 2004 at approximately 10:15 to,12/14/2004,47.6063889,-122.3308333
12/14/2004 22:20,seattle,wa,us,NA,2,2 seconds,Hi again Mr. Davenport:  I wanted to let you know that I spoke to my brother in law&#44 who is a ferry boat captain on the North Vashon Is,1/11/2005,47.6063889,-122.3308333
12/15/2002 23:59,seattle,wa,us,disk,30,one hour +,We saw a row of different colored lights north of house&#44 some distance away for at least an hour.,12/23/2002,47.6063889,-122.3308333
12/16/2011 20:00,seattle,wa,us,sphere,10,10 seconds,Orange Orb over Magnolia/Discovery Park,12/17/2011,47.6063889,-122.3308333
12/17/1996 06:15,seattle,wa,us,NA,4,4 sec.,Young man sees &quot;yellow tinged fireball with neon green tail&quot; streak from E to W in N sky.  Tail was curving down&#44 and oddly green.,11/2/1999,47.6063889,-122.3308333
12/17/1996 06:20,seattle,wa,us,NA,3,3 sec.,Seattle METRO bus driver on Hwy. I-5 sees blue-green obj. streaking E to W just above buildings in Seattle.  Thought it was close.,11/2/1999,47.6063889,-122.3308333
12/17/1998 22:00,seattle,wa,us,light,4,3-4 sec.,Definitely a meteor&#44 IMHO. steady white light&#44 falling roughly parabolically ~ENE of me. Lasted about 3-4 seconds.,1/28/1999,47.6063889,-122.3308333
12/18/2003 18:45,seattle,wa,us,fireball,3,3 seconds,Fireball falling from the sky. Could have been a plane crashing.,12/19/2003,47.6063889,-122.3308333
12/19/1996 22:45,seattle,wa,us,NA,30,30 sec.,Man repts. black&#44 round obj. passing from S to N below solid clouds in W sky. No lights&#44 silent&#44 smaller than moon. Aircraft landing S.,11/2/1999,47.6063889,-122.3308333
1/2/1999 17:42,seattle,wa,us,light,4,4 seconds (observed),Walking around Greenlake on paved trail. Saw bright white light on a 3deg downward path across lake from south to north. Approx 1500ft,5/24/1999,47.6063889,-122.3308333
1/2/2005 03:40,seattle,wa,us,light,2700,45 minutes,Two objects with pulsating lights in Seattle over Puget Sound.,1/11/2005,47.6063889,-122.3308333
1/2/2005 17:18,seattle,wa,us,light,240,3-4 minutes,white light similar to satellite traveling high over Seattle,1/11/2005,47.6063889,-122.3308333
1/2/2007 00:00,seattle,wa,us,fireball,30,30sec.,((HOAX))  it was really fast&#44 faster then any airplane. It was red&#44 made a microwave sound. Thats it&#44 because I was drunk.,6/12/2007,47.6063889,-122.3308333
1/2/2007 18:45,seattle,wa,us,light,2400,40 min,Random White Lights circling over West Seattles Admiral District.  ((NUFORC Note:  We suspect advertising lights.  PD)),2/1/2007,47.6063889,-122.3308333
1/2/2013 01:45,seattle,wa,us,light,900,15 minutes,Glowing light hovering over north Seattle.,2/4/2013,47.6063889,-122.3308333
12/20/1978 18:00,seattle,wa,us,disk,600,5-10 minutes,UFO Sighting in December 1978 in Seattle&#44 WA.,1/22/2004,47.6063889,-122.3308333
12/21/2013 18:43,seattle,wa,us,oval,300,4-5 minutes,On the date and time stated above&#44 I had just come from the grocery store and was exiting my vehicle. While walking across the parking.,2/27/2014,47.6063889,-122.3308333
1/22/1995 20:00,seattle,wa,us,NA,5,5 sec.,Man witnesses triangular obj. w/ dull&#44 or &quot;subdued&quot; lights streak overhead.,11/2/1999,47.6063889,-122.3308333
12/2/2009 03:24,seattle,wa,us,fireball,10,5-10 seconds,Bright hot object leaving trail over Seattle in early morning of December 2nd&#44 2009,12/12/2009,47.6063889,-122.3308333
12/22/2008 16:25,seattle,wa,us,circle,60,1 minute,Today&#8217;s date is 12/22/2008.  At 4:25 pm.  I observed &#8216;three&#8217; flying objects from my kitchen window.  The first object flew by&#44 from Sou,1/10/2009,47.6063889,-122.3308333
12/22/2012 22:15,seattle,wa,us,oval,180,3 minutes,Orange glowing oval of light,2/4/2013,47.6063889,-122.3308333
12/23/2000 20:00,seattle,wa,us,NA,360,1-6 min,cop car lights at 500 to 1000  feet above seattle.,1/3/2001,47.6063889,-122.3308333
12/24/1994 01:39,seattle,wa,us,light,20,20 sec.,Man witnesses very bright&#44 multi-colored object pass overhead very fast.  Disappeared to the north in 20 sec..,11/2/1999,47.6063889,-122.3308333
12/24/2013 20:40,seattle,wa,us,sphere,240,4 minutes,Orange spheres/orbs over Seattle.,1/10/2014,47.6063889,-122.3308333
12/26/2011 02:17,seattle,wa,us,fireball,180,3 minutes,3 orange orbs or fireballs fly in formation over Seattle (Capitol Hill/Madison Valley) on December 26&#44 2011 at around 2:17 AM.,1/12/2012,47.6063889,-122.3308333
12/29/2010 07:40,seattle,wa,us,light,900,15 min,Bright Light with Tail SSE travel over N.W Region US 7:40 AM 12/29/2010,1/5/2011,47.6063889,-122.3308333
12/30/1995 01:00,seattle,wa,us,NA,900,15 min.,Woman&#39s attention drawn to very faint light over Puget Sound.  Obj. grows brighter&#44 then suddenly moves to W and disappears.,11/2/1999,47.6063889,-122.3308333
12/31/2010 16:26,seattle,wa,us,circle,120,2 min.,This U.F.O. was similar to other reported ufo&#39swas extremely,1/5/2011,47.6063889,-122.3308333
12/31/2011 23:52,seattle,wa,us,circle,300,5 minutes,8-10 orange UFO&#39s sited New Years Eve&#44 just before midnight in Seattle.,1/24/2012,47.6063889,-122.3308333
1/23/1995 06:15,seattle,wa,us,NA,30,30 sec.,Man calls to report he &amp; wife witnessed metallic disc hovering just above Pug. Sound. Streaks off. (No 2nd call),11/2/1999,47.6063889,-122.3308333
1/23/2007 20:55,seattle,wa,us,light,4,3 to 4 seconds,Two red balls of light heading East to West over Seattle on converging paths.,2/1/2007,47.6063889,-122.3308333
1/23/2008 02:00,seattle,wa,us,teardrop,180,3 minutes,Teardrop-shaped&#44 pulsating&#44 hovering object seen over water,2/14/2008,47.6063889,-122.3308333
12/4/1995 02:14,seattle,wa,us,light,2,2 sec.,Man reports a brief power failure&#44 looks outside and witnesses a luminous obj.&#44 size of star&#44 streak from W to E in southern sky.,11/2/1999,47.6063889,-122.3308333
1/24/2014 19:00,seattle,wa,us,light,3600,1 hour,Object appeared near the Orion; cycling through a number of colors.  ((NUFORC Note:  Probably Sirius?  PD)),1/30/2014,47.6063889,-122.3308333
1/24/2014 21:30,seattle,wa,us,light,60,60 seconds,Spot of light zig-zagging over Seattle.,1/30/2014,47.6063889,-122.3308333
12/5/1996 22:00,seattle,wa,us,NA,30,30 sec.,Man looking W over Pug. Sound from high-rise apt. sees large &quot;flattened oval of red/orange light&quot; arch across sky in perfect arc.,11/2/1999,47.6063889,-122.3308333
1/25/2001 22:33,seattle,wa,us,fireball,1,one secaond,While driving noth on I-5 I observed the white fireball dropping out of the sky as I looked in the direction over northeast Seattle.  I,2/18/2001,47.6063889,-122.3308333
1/26/2000 19:37,seattle,wa,us,fireball,15,8to15sec.,Driving to a meeting in Seattle Capitol Hill area&#44 s. bound I-5 exited at Roanoke&#44 I was stopped at light to turn&#44 very clear winter ni,3/16/2000,47.6063889,-122.3308333
1/27/2007 17:30,seattle,wa,us,disk,1200,20 min,Black disk with red lights flys over the seattle area.,2/1/2007,47.6063889,-122.3308333
12/8/1999 17:40,seattle,wa,us,light,5,5sec,intense blue light travelling se across entire sky,12/16/1999,47.6063889,-122.3308333
1/28/2007 20:00,seattle,wa,us,oval,2,a few seconds,UFO streaks across the night sky,2/1/2007,47.6063889,-122.3308333
1/3/1995 21:55,seattle,wa,us,NA,0.5,0.5 second,Couple sees &quot;meteor&quot; streak from south to north&#44 but turned suddenly. Very fast.,11/2/1999,47.6063889,-122.3308333
1/3/2008 15:00,seattle,wa,us,unknown,300,5min,Abduction,1/21/2008,47.6063889,-122.3308333
1/5/1995 09:50,seattle,wa,us,light,5,5 seconds,MUFON member witnesses very bright light during daylight hours for 5 sec..  Appears 2nd time&#44 disappears.,11/2/1999,47.6063889,-122.3308333
1/5/1999 05:36,seattle,wa,us,teardrop,3,3 seconds,The object was approximatly equal in size to 1/4 full moon.  It was travelling from NW to SE approximately 500 feet over Lake Union. Th,2/16/1999,47.6063889,-122.3308333
1/5/2001 17:30,seattle,wa,us,sphere,60,1 minute,I was walking home from work&#44 and was within a block from home. I looked up and saw a object&#44 very quiet&#44 and I was wondering what kind,2/18/2001,47.6063889,-122.3308333
1/5/2013 06:10,seattle,wa,us,circle,5,5 seconds,Lights over Aurora.,2/4/2013,47.6063889,-122.3308333
1/7/2001 15:26,seattle,wa,us,light,120,2min,Ravena St and I5 two men were looking at the sky and pointing up&#44 i believed they were bird watching&#44but i realized they were pointing,2/18/2001,47.6063889,-122.3308333
1/9/2010 19:00,seattle,wa,us,cylinder,60,1 minute,Reviewing my photos I came across a suspicious object in the upper right corner and it way flying at an odd angle. Too steep for a plan,2/14/2010,47.6063889,-122.3308333
2/10/1995 24:00,seattle,wa,us,NA,30,30 sec,Woman&#44 out walking dog&#44 sees bright bluish light rise from Pug. Sound&#44 turn&#44 then zip off.  No sound. Good rept.,11/2/1999,47.6063889,-122.3308333
2/10/2001 00:10,seattle,wa,us,circle,5,5 sec.,Looking straight up&#44 I saw a rectangular object with only a faint outline travelling East to West&#44 no noise&#44 no flashing lights but dim,2/18/2001,47.6063889,-122.3308333
2/10/2006 17:25,seattle,wa,us,unknown,120,1-2 minutes,Object with rows of very bright&#44 clear lights around perimeter hovering silently 1-2 minutes before exiting.,3/11/2006,47.6063889,-122.3308333
2/10/2006 17:30,seattle,wa,us,cylinder,120,2 minutes,Cylindrical object with 3-4 rows of bright lights &amp; vapor between ground &amp; object  hovering silently at 500-1000&#39 above ground.,3/11/2006,47.6063889,-122.3308333
2/11/2002 22:10,seattle,wa,us,fireball,1,1 second,Falling Object,2/22/2002,47.6063889,-122.3308333
2/11/2003 01:20,seattle,wa,us,other,3,2-3 seconds,Blue beam of light in my face....from the sky.,2/11/2003,47.6063889,-122.3308333
2/1/2012 11:45,seattle,wa,us,unknown,5,5 seconds,Falling Unidentified metallic object with trail,2/10/2012,47.6063889,-122.3308333
2/12/2003 18:00,seattle,wa,us,cylinder,15,10-15 seconds,2-12-03 orange fiery/glowing circular object flying above tree level  watched for about 10 seconds in Shoreline Washington,2/25/2003,47.6063889,-122.3308333
2/12/2010 06:00,seattle,wa,us,triangle,10,10 seconds,I saw a dark triangular object with lights around it and there was golden light emerging from the craft,11/21/2010,47.6063889,-122.3308333
2/12/2010 20:35,seattle,wa,us,light,45,45 seconds,Blue Green object streaking across the sky,2/14/2010,47.6063889,-122.3308333
2/13/2004 06:15,seattle,wa,us,fireball,45,45 seconds,Fireball near the beach on Vashon Island,3/2/2004,47.6063889,-122.3308333
2/15/2005 15:00,seattle,wa,us,other,300,5 minutes,Middle February&#44 2002&#44 3:00 pm&#44 sunny day&#44 black object east of Seattle&#44 moving erratically within a limited area.,5/11/2005,47.6063889,-122.3308333
2/15/2013 20:15,seattle,wa,us,circle,600,10 minutes,My wife and I witnessed 15-20 orb shaped lights heading south and gaining elevation over north Seattle.,2/18/2013,47.6063889,-122.3308333
2/16/2000 21:05,seattle,wa,us,light,90,1.5 min,Bright star disappeared from sight.,2/23/2000,47.6063889,-122.3308333
2/16/2004 22:05,seattle,wa,us,rectangle,60,1 minute,&#39burning paper&#39,3/2/2004,47.6063889,-122.3308333
2/18/1999 16:30,seattle,wa,us,unknown,10,5-10 seconds,Seen from I-5&#44 over Boeing Field&#44 a motionless object that looked like a bunch of black and grey party balloons.,4/2/1999,47.6063889,-122.3308333
2/19/1995 19:00,seattle,wa,us,NA,10800,3 hrs.,Nat. UFO Center Director makes 3 hour appearance on national radio program.   Multiple calls follow for 2 days.,11/2/1999,47.6063889,-122.3308333
2/21/2008 24:00,seattle,wa,us,disk,6,6 seconds,Disk shaped object seen by Seattle drivers over I5,3/4/2008,47.6063889,-122.3308333
2/2/2000 19:49,seattle,wa,us,other,120,aprox. 2 min,Watched two flying objects headed NW&#44 very low&#44 very slow&#44 at junction of Duamish River and West Seattle Bridge.,2/16/2000,47.6063889,-122.3308333
2/2/2000 19:49,seattle,wa,us,other,180,3 min,Two Jumbo Jets flying low and slow.,2/16/2000,47.6063889,-122.3308333
2/2/2002 03:30,seattle,wa,us,sphere,15,15 seconds,Three dimly self-illuminated orange orbs travelling due West over Seattle,3/19/2002,47.6063889,-122.3308333
2/2/2011 21:00,seattle,wa,us,light,180,3 minutes,Vibrant Orange Lights jump in and out of the atmosphere over Seattle,3/13/2012,47.6063889,-122.3308333
2/2/2011 21:30,seattle,wa,us,fireball,120,2 minutes,Three orange lights over northeast Seattle,2/8/2011,47.6063889,-122.3308333
2/22/1995 05:37,seattle,wa,us,NA,4,4 sec.,Multiple calls regarding green obj. streaking NNW from Renton to Paine Field.  Low alt. (?)  One witness repts. it hovered.,11/2/1999,47.6063889,-122.3308333
2/24/2001 22:30,seattle,wa,us,chevron,180,2-3minutes,((NUFORC Note:  Cryptic report of a &quot;chevron.&quot;  No other details provided.  PD)),4/1/2001,47.6063889,-122.3308333
2/25/2009 11:09,seattle,wa,us,fireball,120,2 minutes,bright erratically moving light over south seattle.,3/19/2009,47.6063889,-122.3308333
2/25/2009 15:17,seattle,wa,us,oval,60,1 minute,A glowing orange elongated orb was seen by 2 men to be moving swiftly over Seattle&#44 Washington during daylight.,3/19/2009,47.6063889,-122.3308333
2/26/2014 13:00,seattle,wa,us,triangle,300,5 minutes,((NUFORC Note:  Witness provides no information.  Photos are of a &quot;sun dog&#44&quot; not a UFO.  PD)),2/27/2014,47.6063889,-122.3308333
2/27/2005 20:30,seattle,wa,us,light,60,1 minute,2 star-like ufos criss-cross near university of washington campus.,4/16/2005,47.6063889,-122.3308333
2/29/2004 23:20,seattle,wa,us,unknown,3300,55min+,Three rapidly sparkling objects hovering over Seattle to the WSW&#44 two left after short time&#44 one remained.  ((NUFORC:  Star??)),3/2/2004,47.6063889,-122.3308333
2/8/2000 19:07,seattle,wa,us,fireball,60,1 minute,Large glowing Red Firebell as I looked to the North/NorthEast from my home in Magnolia/Seattle.     So bright -- the light emanted into,2/16/2000,47.6063889,-122.3308333
2/9/1996 18:45,seattle,wa,us,NA,300,5 min.,Young man w/ neighbor witness bizarre multiple flashing lights in straight line over E horiz.. Obj. hovered&#44 moved&#44 then streaked off.,11/2/1999,47.6063889,-122.3308333
2/9/1997 13:45,seattle,wa,us,oval,240,4 minutes,Three objects over downtown Seattle&#44 early morning,1/31/2004,47.6063889,-122.3308333
2/9/2000 22:00,seattle,wa,us,circle,3,2-3 seconds,While stargazing&#44 a dark black object entered into my line of sight and headed toward the city. Very fluid and fast. No sound. A little,2/16/2000,47.6063889,-122.3308333
2/9/2013 22:55,seattle,wa,us,fireball,300,5 minutes,Red &quot;fireballs&quot; in the sky.,2/18/2013,47.6063889,-122.3308333
3/10/2001 17:57,seattle,wa,us,circle,600,10 mins,Dark Object in flight path of Airplanes heading south to King County Airport,3/16/2001,47.6063889,-122.3308333
3/1/1996 19:30,seattle,wa,us,NA,10,10 sec.,Woman walking dog&#44 witnesses a large&#44 oblong obj.&#44 very bright yellow-orange&#44 streak overhead at &quot;incredible speed.&quot;,11/2/1999,47.6063889,-122.3308333
3/1/2001 23:15,seattle,wa,us,circle,40,40 seconds,Bright circular light fell straight down&#44 had rectangular unlit form behind it.,3/6/2001,47.6063889,-122.3308333
3/12/2000 08:00,seattle,wa,us,cigar,6,5-6 seconds,Peter&#44 I was driving to Rentin to drop off my car at the Toyota Dealer.  I was headed south on on the freeway between I-90 and Rentin.,4/1/2000,47.6063889,-122.3308333
3/12/2005 19:45,seattle,wa,us,NA,180,3 minutes,Strange electrical problems that coresponded the 3/12 fireball over Pacific Northwest......,4/16/2005,47.6063889,-122.3308333
3/13/1995 18:30,seattle,wa,us,NA,300,5 min.,Man witnessed yellow&#44 flickering light to west&#44 viewed from Queen Anne Hill.  Approached him&#44 then departed.,11/2/1999,47.6063889,-122.3308333
3/13/1997 13:30,seattle,wa,us,sphere,20,15-20 seconds,SEATTLE sighting. During daytime same day of the phoenix lights,7/16/2003,47.6063889,-122.3308333
3/13/1998 21:50,seattle,wa,us,sphere,240,3 - 4 minutes,We watched approximately 15 dimly lit white spheres that pulsed brightly together in different colors while slowly rising towards the s,1/28/1999,47.6063889,-122.3308333
3/13/2000 11:51,seattle,wa,us,diamond,120,2min,I saw a diamond shape craft moveing very fast and make a turn in the sky and start to pick up speed towads vancover B.C.,4/1/2001,47.6063889,-122.3308333
3/13/2001 23:50,seattle,wa,us,cigar,10,10 seconds,23:50 on 3/13/01&#44 an object with orange lights flew at remarkable speed&#44 silently&#44 from south to north over Puget Sound.,3/16/2001,47.6063889,-122.3308333
3/13/2001 23:51,seattle,wa,us,light,10,10seconds,I saw a very fast moving light heading due north along Puget Sound at approximately 11:30 PM March 13 2001.,3/16/2001,47.6063889,-122.3308333
3/13/2014 03:30,seattle,wa,us,fireball,10,10 seconds,Blue fireball in night sky.,3/18/2014,47.6063889,-122.3308333
3/14/1995 21:07,seattle,wa,us,NA,10,10 sec.,Man reports a bright blue obj. that streaked to north below the overcast.  Very bright&#44 very fast.,11/2/1999,47.6063889,-122.3308333
3/14/1995 21:08,seattle,wa,us,NA,2,2 sec.,Man &amp; son witness blue-green ball streak S to N in eastern sky.  Son frightened by observation.,11/2/1999,47.6063889,-122.3308333
3/14/1995 21:08,seattle,wa,us,NA,2,2 sec.,Man witnessed bright&#44 blue-green light streak S to N in eastern sky.  Bigger than star. Very fast.,11/2/1999,47.6063889,-122.3308333
3/16/1998 13:30,seattle,wa,us,sphere,5,5 seconds,Commercial Airline Flight From Juneau AK to Seattle,4/2/1999,47.6063889,-122.3308333
3/18/2011 05:00,seattle,wa,us,disk,120,1-2 minutes,Thin white or gray line&#44 like side of disc&#44 with two lights in the middle moving across the early morning sky.,4/3/2011,47.6063889,-122.3308333
3/18/2012 20:45,seattle,wa,us,fireball,120,2 minutes,Red/orange ball of fire&#44 noiseless and moving steadily for two minutes&#44 south to north in seattle.,5/13/2012,47.6063889,-122.3308333
3/19/2006 23:20,seattle,wa,us,circle,3,2-3 seconds,A very solid brilliant white opaque ball crosses sky&#44 2-3 seconds. Heading SSE over Seattle Sun. night.,5/15/2006,47.6063889,-122.3308333
3/20/1996 21:00,seattle,wa,us,NA,300,5 min.,Young woman &amp; 2 friends witness 3 lights overhead&#44 arranged in a triangular pattern.  Suddenly&#44 a 4th light appears.  Not aircraft.,11/2/1999,47.6063889,-122.3308333
3/20/2009 21:00,seattle,wa,us,formation,7200,2 hours,Formation activity over Seattle&#44 persistant strange lights.,4/14/2009,47.6063889,-122.3308333
3/2/2012 23:30,seattle,wa,us,light,120,2 minutes,Two asterisk shaped yellow lights floating around above Lake Union in Seattle,3/13/2012,47.6063889,-122.3308333
3/2/2013 22:17,seattle,wa,us,fireball,300,3-5 minutes,Orange fireballs.,4/12/2013,47.6063889,-122.3308333
3/22/2011 17:45,seattle,wa,us,circle,300,5 mins,A starng white circle with a black inner circle.,10/19/2011,47.6063889,-122.3308333
3/23/2013 22:34,seattle,wa,us,circle,180,3 minutes,7-10 bright orange orbs flying past Space Needle Saturday&#44 March 23 10:33pm.,5/15/2013,47.6063889,-122.3308333
3/25/1995 17:00,seattle,wa,us,NA,1800,30 min.,Woman repts. daylight sighting of bright&#44 silver &quot;helmet-shaped&quot; obj. in E sky.  2nd similar obj. approached it&#44 streaked E&#33,11/2/1999,47.6063889,-122.3308333
3/25/2009 19:00,seattle,wa,us,NA,600,10 minutes,Strange low flying lights over Seward Park in Seattle&#44 Washington on March 25&#44 2009.,4/14/2009,47.6063889,-122.3308333
3/25/2009 22:00,seattle,wa,us,unknown,900,15 min,object moving in a very erratic way&#44 changing colors&#44 very high up,4/14/2009,47.6063889,-122.3308333
3/27/1996 02:15,seattle,wa,us,NA,8,8 sec.,Couple see very bright&#44 white light moving S to N over Puget Sound.  &quot;Cigar&#44 or elongate&quot; in shape.  Suddenly reverses dir.&#44 streaks S.,11/2/1999,47.6063889,-122.3308333
3/27/2007 17:00,seattle,wa,us,egg,20,20 seconds,Two Crafts. One sighting.,3/31/2008,47.6063889,-122.3308333
3/27/2014 01:45,seattle,wa,us,light,420,~7 minutes,White green lights dancing over Crown Hill at 01:45am.,3/27/2014,47.6063889,-122.3308333
3/31/1999 23:45,seattle,wa,us,triangle,60,1minute,Huge triangular craft&#44 white unblinkng light in each apex&#44 center red strobing light that strobed slowly on and then slowly off (lumino,4/26/1999,47.6063889,-122.3308333
3/31/2013 22:00,seattle,wa,us,unknown,50,50 seconds,Red green and golden yellow lights flying over Snoqualmie pass&#44 Seattle WA.,5/15/2013,47.6063889,-122.3308333
3/31/2014 23:15,seattle,wa,us,light,5,5 seconds,I&#39m a college student at the University of Washington. I regularly spend nights on the roof looking at stars. I have taken astronomy.,4/4/2014,47.6063889,-122.3308333
3/3/2008 21:00,seattle,wa,us,light,600,10 minutes,Two yellow lights moving slowly across the sky.,3/31/2008,47.6063889,-122.3308333
3/4/2007 00:00,seattle,wa,us,other,3600,50-60 minutes,Me and my girlfriend fell asleep watching TV around 8:45. I woke up sometime around 12:00 and shook her awake because I remembered that,3/8/2007,47.6063889,-122.3308333
3/6/2007 13:00,seattle,wa,us,sphere,180,3 minutes,I went outside my house&#44 sat in a chair&#44 facing north. I lit my cigarette&#44 then looked up to find four white balls that I could not ide,4/27/2007,47.6063889,-122.3308333
3/7/1997 22:50,seattle,wa,us,flash,1,1 sec,Less than a 1 second flash of large blue-white light&#44 climbing slightly on it&#39s path from west to east. .,3/7/1998,47.6063889,-122.3308333
3/8/2004 13:00,seattle,wa,us,cylinder,120,2 minutes,long&#44 narrow cylindrical object hanging horizontally above Seattle for about 2 minutes&#44 then disappearing completely in 4 seconds.,3/9/2004,47.6063889,-122.3308333
3/8/2005 19:00,seattle,wa,us,light,4,3-4 sec,bright &#39star&#39 shrinks out of sight,5/11/2005,47.6063889,-122.3308333
3/9/2004 17:45,seattle,wa,us,other,7200,2 hours,A cluster of bright  pulsing  lights over downtown Seattle.  ((NUFORC Note:  Celestial body??  PD)),3/17/2004,47.6063889,-122.3308333
3/9/2013 01:08,seattle,wa,us,fireball,180,3 minutes,White/orange orb seen near Golden Gardens&#44 Seattle,4/12/2013,47.6063889,-122.3308333
4/10/1949 15:00,seattle,wa,us,disk,600,ten minutes,UFO Hovers over Seattle sky,4/27/2004,47.6063889,-122.3308333
4/10/2013 18:00,seattle,wa,us,unknown,900,15 minutes,6 or more objects over Seattle Science Center/Space Needle&#44 irregular movement&#44 disappearing and reappearing,5/15/2013,47.6063889,-122.3308333
4/1/2002 15:00,seattle,wa,us,rectangle,60,one minute,A large rectangular shadow,6/12/2002,47.6063889,-122.3308333
4/13/2008 03:00,seattle,wa,us,oval,60,1 min,Large burnt-orange object hanging low in the sky near Downtown Seattle.,4/17/2008,47.6063889,-122.3308333
4/16/2006 19:40,seattle,wa,us,circle,30,20- 30 seconds,8 orange glowing round objects moving east to west in the same pattern&#44 Seattle&#44 Washington,5/15/2006,47.6063889,-122.3308333
4/20/2014 20:00,seattle,wa,us,light,1200,20 minutes,Small solid white light with sudden movements.,4/24/2014,47.6063889,-122.3308333
4/20/2014 22:50,seattle,wa,us,formation,5,5 seconds,I witnessed two lights in formation moving in a straight line&#44 far faster than any aircraft&#44 and with no sound whatsoever.,4/24/2014,47.6063889,-122.3308333
4/21/2012 12:40,seattle,wa,us,disk,1,1 second,Flying saucer over I-5 in North Seattle.,11/19/2012,47.6063889,-122.3308333
4/22/1995 22:37,seattle,wa,us,NA,4,4 sec.,2 univ. stud. see dramatic &quot;meteor&quot; in S sky&#44 then witness  chevron of lights &quot;like kite&quot; in same area of sky. Zig-zags off&#33,11/2/1999,47.6063889,-122.3308333
4/23/1997 00:05,seattle,wa,us,NA,2,2 sec.,Attorney/public employee sees peculiar white light move across cloudy sky very rapidly.  &quot;Looked like a lightbulb.&quot;  Flew behind cloud.,11/2/1999,47.6063889,-122.3308333
4/24/1987 20:15,seattle,wa,us,changing,1200,20 minutes,Low flying Orange Blimp over Lake Washington (Seattle&#44 Madrona Park Beach),3/10/2011,47.6063889,-122.3308333
4/25/2008 21:30,seattle,wa,us,sphere,5400,1-1.5 hrs,Fast moving lights over Seattle,6/12/2008,47.6063889,-122.3308333
4/25/2008 22:00,seattle,wa,us,light,300,5 minutes,Bright&#44 FAST moving lights above Seattle&#44 visible only using 3rd Generation Night Vision.,6/12/2008,47.6063889,-122.3308333
4/26/2002 15:00,seattle,wa,us,sphere,120,2 minutes,Two silver spheres flying together.,6/12/2002,47.6063889,-122.3308333
4/26/2008 00:23,seattle,wv,NA,triangle,5,5 seconds,Triangular craft speeds across the sky over Seattle&#33&#33,6/12/2008,39.43007,-78.061927
4/26/2008 11:55,seattle,wa,us,light,300,5+ minutes,Bright red orbish light hovering over Seattle bay area&#33,6/12/2008,47.6063889,-122.3308333
4/27/2001 21:55,seattle,wa,us,diamond,600,10mins,8-9 identical hovering&#44 stationary objects with oscillating diamond shaped white light patterns. 70-100 feet above Seattle I-5 corridor,8/5/2001,47.6063889,-122.3308333
4/28/2000 21:00,seattle,wa,us,fireball,2,2 seconds,Fireball flying from SW to NE. Appeared white hot with &quot;chunks&quot; of burning material trailing. Round&#44 very large or very low. Very fast&#44,6/6/2000,47.6063889,-122.3308333
4/28/2000 22:07,seattle,wa,us,light,1.5,1.5 seconds,Bright green object flying fast northbound&#44 north of University of Washington in Seattle,7/23/2000,47.6063889,-122.3308333
4/28/2000 22:10,seattle,wa,us,other,3.4,3.5-4.0sec,on 04/28/00 at roughly 22:10 i looked off my front porch and saw a big round bright light traveling verry fast &#44it made no sound.it was,5/11/2000,47.6063889,-122.3308333
4/29/2002 21:08,seattle,wa,us,light,7,7 seconds,Bright green light descending due east of First Hill in Seattle.  Appeared to be coming down between Bellevue and Issaquah.  It descend,5/14/2002,47.6063889,-122.3308333
4/29/2002 21:50,seattle,wa,us,light,2,2 seconds,BRIGHT GREEN LIGHT &quot;ZIPS&quot; DOWN ACROSS SKY TOWARDS HORIZON Monday&#44 April 2002,5/14/2002,47.6063889,-122.3308333
4/29/2004 23:10,seattle,wa,us,NA,10,10 sec,Was directly overhead&#44 was looking at the moon about 15 degrees to my right. Object travelled from north to south&#44 noticed it at about,5/4/2004,47.6063889,-122.3308333
4/29/2009 20:45,seattle,wa,us,light,2,2 seconds,Bright light ball seen over Ballard extraordinary  speed.,5/12/2009,47.6063889,-122.3308333
4/30/2003 23:41,seattle,wa,us,triangle,180,3 minutes,Large triangular craft seen flying over Lake Washington homes near Seattle.,5/2/2003,47.6063889,-122.3308333
4/30/2004 16:45,seattle,wa,us,cylinder,30,30 seconds,Three Bronze cylinders,5/4/2004,47.6063889,-122.3308333
4/30/2007 21:30,seattle,wa,us,formation,5,5 seconds,Two amber lights were seen snaking from the southwestern sky to the northwestern sky.,6/12/2007,47.6063889,-122.3308333
4/30/2011 23:40,seattle,wa,us,formation,30,30 seconds,V-Shaped Formation of Objects Over Seattle,5/2/2011,47.6063889,-122.3308333
4/3/1997 17:30,seattle,wa,us,other,240,2-4min,I was on highway 520 going home and saw a black&#44 silent &quot;elongated key&quot; shape traveling south over lake WA dissappered (cut into clouds,1/28/1999,47.6063889,-122.3308333
4/4/2008 02:00,seattle,wa,us,unknown,300,about 5 minutes,turned around above my house with a flash and a noise,4/17/2008,47.6063889,-122.3308333
4/4/2013 00:30,seattle,wa,us,sphere,120,2 minutes,Orange sphere seen by 7-10 people in Seattle over Elliott Bay,5/15/2013,47.6063889,-122.3308333
4/5/1980 24:00,seattle,wa,us,triangle,180,3 minutes,Metal triangle seen over Boeing field in 1980.,4/27/2004,47.6063889,-122.3308333
4/6/2012 16:30,seattle,wa,us,unknown,300,5 minutes,there  here  it&#39s obveious,4/18/2012,47.6063889,-122.3308333
4/7/1996 18:15,seattle,wa,us,NA,600,10 min.,Man &amp; wife see a circular&#44 or disc-shaped&#44 obj. streaking overhead.  Very high&#44 goes up through high clouds. Like &quot;silver cigar.&quot;,8/5/2001,47.6063889,-122.3308333
4/8/2000 18:00,seattle,wa,us,egg,1200,20 minutes,UFO&#39s are for real&#33,6/6/2000,47.6063889,-122.3308333
4/8/2000 18:35,seattle,wa,us,egg,180,2-3minutes,Ufo&#39s over Downtown Seattle,4/15/2000,47.6063889,-122.3308333
4/8/2012 21:30,seattle,wa,us,sphere,300,3-5 minutes,Five orange orbs with flickering light inside&#44 silent&#44 moving slow over Lake Washington.,4/18/2012,47.6063889,-122.3308333
4/8/2012 21:40,seattle,wa,us,fireball,60,1 minutes,Silent moved from west to southeast across the sky and then faded away,4/18/2012,47.6063889,-122.3308333
5/10/1998 10:00,seattle,wa,us,fireball,60,60 sec,Walking from cruise ship to Space Needle.  What appeared to be a Military flair white light with trailing smoke ?Airplane crash.  Looki,1/28/1999,47.6063889,-122.3308333
5/10/2009 24:00,seattle,wa,us,unknown,600,10+ minutes,Hovering then slowly moving black object silhouetted by grey clouds over Seattle&#44 WA (videotaped).,6/9/2009,47.6063889,-122.3308333
5/11/2007 00:00,seattle,wa,us,sphere,2100,35 min,Spinning spherical light which dissappeared and reappeared several times&#44 moving W to NW.  ((NUFORC Note:  Venus??  PD)),6/12/2007,47.6063889,-122.3308333
5/1/1980 07:00,seattle,wa,us,disk,300,5 minutes,It was very shiny silver and 2 Army helicopters followed it.,7/8/2004,47.6063889,-122.3308333
5/1/1999 10:55,seattle,wa,us,oval,4,4 seconds,Over downtown&#44 driving north on 1st ave&#44 the object moved over the 2000 block buildings.,5/24/1999,47.6063889,-122.3308333
5/12/2004 19:15,seattle,wa,us,light,20,15-20 sec,ufo at sunset,6/4/2004,47.6063889,-122.3308333
5/13/2002 09:00,seattle,wa,us,changing,60,1 minute,A black object that rolled as it flew so it looked like a disc at times and alternately a circle.,6/12/2002,47.6063889,-122.3308333
5/13/2012 23:00,seattle,wa,us,light,120,2 minutes,My room mate and I live on the fifth floor of an apartment complex that looks over the downtown Seattle&#44 Space needle and I-5. We were,5/29/2012,47.6063889,-122.3308333
5/14/2002 22:30,seattle,wa,us,light,30,30 seconds,Anomalous bright light.,6/12/2002,47.6063889,-122.3308333
5/15/2007 00:15,seattle,wa,us,circle,3,3 seconds,Large circular object quickly streaked across sky heading north&#44 lasted couple seconds then lost sight.,6/12/2007,47.6063889,-122.3308333
5/18/1996 23:20,seattle,wa,us,NA,15,15 sec.,Group of 6 adults witness a four-cornered obj. in NW sky suddenly erupt into yellow &quot;pieces&#44&quot; which rose into sky&#44 disappear.,11/2/1999,47.6063889,-122.3308333
5/19/2006 18:00,seattle,wa,us,circle,1800,30 minutes,silver round object&#44size of a small van,7/16/2006,47.6063889,-122.3308333
5/21/2001 22:01,seattle,wa,us,circle,30,up to 30 seconds,I was sitting out on the chair&#44 looking west to the sky as to enjoy.  Then I noticed right away there was circle shape object was makin,8/5/2001,47.6063889,-122.3308333
5/21/2008 11:30,seattle,wa,us,changing,10,10 seconds,At approximately 11:30A.M. PDT&#44 I witnessed a strange glowing object appear from out of the thick cloud covered sky and literally drop,6/12/2008,47.6063889,-122.3308333
5/2/2003 09:30,seattle,wa,us,circle,600,10-min,Black Object Seen In Seattle,5/9/2003,47.6063889,-122.3308333
5/23/2004 17:30,seattle,wa,us,sphere,300,5 min. +,Six silver spheres with larger not -sphere&#44 orange&#44 in daylight. I got pics.,6/4/2004,47.6063889,-122.3308333
5/26/2007 01:45,seattle,wa,us,circle,20,15-20 seconds,On front porch late at night&#44 circular disk with triangle light formation flying overhead,8/7/2007,47.6063889,-122.3308333
5/30/2002 08:15,seattle,wa,us,oval,120,1-2 minutes,Large white sphere floating between clouds near Boeing field..,7/26/2002,47.6063889,-122.3308333
5/30/2002 09:45,seattle,wa,us,other,20,10-20 secs,Small Ascending Object Sighted in Mid-Morning Hours in Downtown Seattle&#44 WA,6/12/2002,47.6063889,-122.3308333
5/30/2010 12:30,seattle,wa,us,rectangle,120,2min,I was driving North on I-5 about to take the 405 exit&#44 and over the hills/treetops I saw a dark gray object that was the shape of a lar,6/3/2010,47.6063889,-122.3308333
5/3/2013 01:05,seattle,wa,us,other,3,3 seconds,LIGHT FLASH OVER SEATTLE 5/O3/13  1:05AM THURSDAY NIGHT / EARLY  FRIDAY MORNING,5/15/2013,47.6063889,-122.3308333
5/5/2002 15:45,seattle,wa,us,disk,1200,20 minutes,Shiny saucer shaped vehicle over downtown Seattle displayed various speeds and altitude accelerations.,5/14/2002,47.6063889,-122.3308333
5/6/1997 17:25,seattle,wa,us,disk,420,7 minutes,Disc shaped object 8000&#39 in SW Quadranttravelling N-S observed in Seattle from cornerof Aurora and Thomas.Object shimmered insunlight a,1/28/1999,47.6063889,-122.3308333
5/6/2001 20:30,seattle,wa,us,other,600,10 min,bird of pray?,8/5/2001,47.6063889,-122.3308333
5/7/2002 04:00,seattle,wa,us,other,180,3 minutes plus,Very unusual &quot;aircraft&quot;..???,5/14/2002,47.6063889,-122.3308333
6/10/2006 23:00,seattle,wa,us,light,30,30 seconds,2 Bright and VERY slow moving lights show up as brighter than any stars and disappear,7/16/2006,47.6063889,-122.3308333
6/11/1996 15:00,seattle,wa,us,other,2700,45 minutes,metalic v - boomerang shaped craft over pugit sound in broad daylight,2/25/2003,47.6063889,-122.3308333
6/11/2007 00:43,seattle,wa,us,flash,900,15 minutes,Flashes of light south of Burien&#44 WA.,6/12/2007,47.6063889,-122.3308333
6/11/2009 20:13,seattle,wa,us,oval,1200,two hours,I am a trained scientist and skeptic. I come from a military and nasa background. This thing I am seeing and recording&#44 hovering&#44 is hu,8/5/2009,47.6063889,-122.3308333
6/1/1960 00:00,seattle,wa,us,oval,5,5 seconds,OBJECT WAS OVAL IN SHAPE AND HAD MANY LIGHTS ON THE INSIDE PERIMETER. THE COLOR WAS LIGHT GREEN&#44 LIKE THE OLD LUMINOUS WATCHES THAT GLO,11/30/1999,47.6063889,-122.3308333
6/1/1996 07:00,seattle,wa,us,other,60,1 minute,And lo&#44 the star which they had seen in the west suddenly went before them and came to rest over the place...,5/3/2000,47.6063889,-122.3308333
6/12/1996 12:15,seattle,wa,us,light,5,5 sec.,Two young men&#44 unloading van&#44 see 3x pinpoints of light streak directly overhead.  Arranged in a triangular shape.,11/2/1999,47.6063889,-122.3308333
6/12/1996 21:00,seattle,wa,us,NA,3,3 sec.,Couple see brilliantly bright orb in NNW sky descend vertically.  Obj. had fuzzy edges; descended very fast. &quot;Like burning magnesium.&quot;,11/2/1999,47.6063889,-122.3308333
6/15/1978 22:30,seattle,wa,us,unknown,30,30 sec,&quot;Starwars&quot; dog-fight in the night sky.,4/16/2005,47.6063889,-122.3308333
6/15/1982 02:30,seattle,wa,us,triangle,600,10 min,Triangular object in the sky with movement in the blink of an eye.,8/5/2001,47.6063889,-122.3308333
6/15/1997 21:00,seattle,wa,us,triangle,60,1 min,Saw triangle craft&#44 news report says space junk&#44 not from my angle.,6/12/2008,47.6063889,-122.3308333
6/15/2000 23:11,seattle,wa,us,other,25,~25 seconds,UFO seen crossing I-5 Ship Canal Bridge from East to West (shaped like a rowboat&#44 iridescent orange&#44 with a small blue light at front),5/13/2012,47.6063889,-122.3308333
6/15/2004 19:00,seattle,wa,us,diamond,30,30 sec,Glowing white&#44 diamond shaped object in the sky to the west &#44 above Seattle slowly moving straight up.,6/23/2004,47.6063889,-122.3308333
6/15/2012 22:15,seattle,wa,us,fireball,40,2/3 mins,Several large orange lights flying in one row over Seattle,6/20/2012,47.6063889,-122.3308333
6/15/2013 21:45,seattle,wa,us,unknown,15,15 seconds,Object with red and green lights hovered and then headed north disappearing from view in Fauntleroy neighborhood.,7/3/2013,47.6063889,-122.3308333
6/17/2010 20:50,seattle,wa,us,sphere,300,5 minutes,Observed motionless black sphere in sky.,6/23/2010,47.6063889,-122.3308333
6/18/2002 20:30,seattle,wa,us,disk,600,10 minutes,black disk flipping over or rolling over end to end.,7/1/2002,47.6063889,-122.3308333
6/19/2007 22:00,seattle,wa,us,light,180,3min,Two lights travel across Seattle sky and fade in to darkness.  ((NUFORC Note:  Space Shuttle w/ ISS??  PD)),8/7/2007,47.6063889,-122.3308333
6/20/1997 04:30,seattle,wa,us,other,0.45,00.45 sec,on leaving work at giving time noticed fivebright spots in the sky&#44 the spots were evenly spaced in a v shape&#44cloud cover was minimal&#44,1/28/1999,47.6063889,-122.3308333
6/20/2004 23:00,seattle,wa,us,unknown,90,90 seconds,High Flight Speed Star Bright Lit Object Flying Toward Boeing Field Making Sharp TurnsThen South Of It and to Renton Field,6/23/2004,47.6063889,-122.3308333
6/20/2004 23:15,seattle,wa,us,triangle,3,3 seconds,beautiful triangular craft moves quietly  over Seattle,6/23/2004,47.6063889,-122.3308333
6/23/2008 22:10,seattle,wa,us,light,2,2 seconds,Strange Green Light sighted floating horizontally for 2 seconds over Phinney Ridge in Seattle&#44 not matching normal flight patterns,7/5/2008,47.6063889,-122.3308333
6/24/2010 15:00,seattle,wa,us,light,3600,1 hr,Looked like a star but it rotated and signaled other white beams of light and just hanged there. ((NUFORC Note:  Twinkling stars?  PD)),7/6/2010,47.6063889,-122.3308333
6/25/2001 16:30,seattle,wa,us,sphere,180,2 -3 minutes,Pulsating sphere hovers and then disappears,8/5/2001,47.6063889,-122.3308333
6/25/2004 21:30,seattle,wa,us,disk,600,10 minutes,Circular&#44Flat objects Emittng bright orange yellow glow. Smoke coming out of a hole in the side of both crafts.,7/8/2004,47.6063889,-122.3308333
6/26/2010 22:39,seattle,wa,us,light,120,2 minutes,Strange orange light hovering in the sky seen during ISS visible overflight.,7/6/2010,47.6063889,-122.3308333
6/27/2012 02:15,seattle,wa,us,egg,900,15 minutes,lights started appearing out of nowhere.,7/4/2012,47.6063889,-122.3308333
6/27/2012 22:30,seattle,wa,us,circle,240,4 minutes,SW sky. right of the half moon about 5 fingers as you hold your hand up to the sky. A bright orange ball moving right to left fairly sl,7/4/2012,47.6063889,-122.3308333
6/27/2013 23:00,seattle,wa,us,light,1800,30 minutes,Dark orange pulsating lights - not conventional aircraft as by how they moved and were full of light.,7/22/2013,47.6063889,-122.3308333
6/28/2007 21:00,seattle,wa,us,disk,600,10 minutes,black wingless bell-shaped object floating over downtown Seattle,8/7/2007,47.6063889,-122.3308333
6/28/2007 21:00,seattle,wa,us,other,1200,20 min,Black blob moving over Seattle,8/7/2007,47.6063889,-122.3308333
6/28/2013 13:25,seattle,wa,us,other,1,1 second?,Possible UFO appears in a photo.  ((NUFORC Note:  Appears to be a seagull&#44 with one wing raised above the bird&#39s body.  PD)),7/3/2013,47.6063889,-122.3308333
6/29/2012 22:33,seattle,wa,us,light,240,4 minutes,I saw about 8-9 red-orange lights hover over the Eastside of Seattle and change formations from triangles and lines before disappearing,7/4/2012,47.6063889,-122.3308333
6/30/1986 14:00,seattle,wa,us,other,300,5 min.,I saw a black&#44 worm-like&#44flying object similar to that reported 10/8.  The wx was clear and sunny and the wind was northerly. I was in,12/2/2000,47.6063889,-122.3308333
6/30/2007 09:45,seattle,wa,us,light,600,10 min,Glowing orbs in the sky over seattle,8/7/2007,47.6063889,-122.3308333
6/3/2004 23:30,seattle,wa,us,light,3,3 sec,3 lights travelling across western sky ((NUFORC Note:  Possibly U. S. Navy &quot;NOSS&quot; satellites.  PD)),6/18/2004,47.6063889,-122.3308333
6/7/2007 22:45,seattle,wa,us,light,300,5 minutes,Strobe-type light moving quickly,6/12/2007,47.6063889,-122.3308333
6/8/2012 11:00,seattle,wa,us,circle,900,15 minutes,Several bright lights dropped out of cloud coverage/night time followed by same grouping minutes later by myself and neighbor.,6/14/2012,47.6063889,-122.3308333
6/9/2001 11:15,seattle,wa,us,rectangle,30,approx 30 seconds,My wife and I had just left the Hub at the University of Washington where we had attended a graduation ceremony for the Department of E,8/5/2001,47.6063889,-122.3308333
6/9/2002 22:30,seattle,wa,us,circle,180,3 min max,it was between 1000 and 1030pm - i was in my back yard with my telescope&#44 however i did not need my telescope to see this&#33 I live on th,6/12/2002,47.6063889,-122.3308333
7/10/1999 22:30,seattle,wa,us,light,180,3 mins.,Blue light rise maybe 20-40 miles away. Blue light for 3 seconds then small light maybe red/white (dim). object accelerated to altitude,7/14/1999,47.6063889,-122.3308333
7/10/2008 02:00,seattle,wa,us,light,1800,25 - 30 minutes,Blue and Red Light/w random flashes on all sides and one beam of white light shining down but not touching the Ground,8/12/2008,47.6063889,-122.3308333
7/10/2010 22:10,seattle,wa,us,fireball,40,40 secounds,Bright Flash and Light,7/19/2010,47.6063889,-122.3308333
7/11/2007 02:30,seattle,wa,us,light,1,<1 second,Bright lights blinked once and went off above the houses,8/7/2007,47.6063889,-122.3308333
7/11/2008 17:30,seattle,wa,us,changing,240,4 minutes,Static object observed in clear skies in high commercial air traffic area.,8/12/2008,47.6063889,-122.3308333
7/1/1962 22:00,seattle,wa,us,other,30,30 seconds,randomly moving starlike shape,11/1/1998,47.6063889,-122.3308333
7/1/2003 02:30,seattle,wa,us,teardrop,600,1o  minutes,GREEN GLOWING OVAL WITH TAIL,12/7/2006,47.6063889,-122.3308333
7/1/2012 22:50,seattle,wa,us,other,45,30 to 45 seconds,A yellow orange shield shaped object about 3 to 4ft tall with a flame inside traveling in a S/SE direction at treeline.,7/4/2012,47.6063889,-122.3308333
7/1/2013 20:00,seattle,wa,us,sphere,300,~5 minutes,Black sphere over Seattle,8/30/2013,47.6063889,-122.3308333
7/13/2004 00:35,seattle,wa,us,circle,30,30 seconds,Luminous round object over Seattle,7/25/2004,47.6063889,-122.3308333
7/13/2010 23:00,seattle,wa,us,fireball,120,few mins,A friend saw the lights reported from Beacon Hill Seattle on 7/17/2010 and took Pics&#44,7/28/2010,47.6063889,-122.3308333
7/15/1968 02:00,seattle,wa,us,circle,600,10 min,It did not move or make any noise&#44 the lights were very intense and pure in color&#44 I will never forget it.,4/16/2005,47.6063889,-122.3308333
7/15/1995 15:20,seattle,wa,us,NA,120,2 min.,Man repts. seeing round&#44 metallic obj. flying through sky NNE of Green Lake.  Turns south&#44 disappears to south.,11/2/1999,47.6063889,-122.3308333
7/15/1995 15:20,seattle,wa,us,NA,120,2 min.,Man witnesses a round&#44 metallic-appearing obj. fly south&#44 then turn east.  Disappeared to east.,11/2/1999,47.6063889,-122.3308333
7/15/2003 00:10,seattle,wa,us,fireball,3,3 seconds,Blue-green fireball,7/16/2003,47.6063889,-122.3308333
7/15/2007 10:00,seattle,wa,us,changing,900,10-15min.,I was taking a morning walk in Ballard&#44 when I saw what appeared to be an extremely large&#44 pitch-black balloon hovering about 300 ft. a,11/28/2007,47.6063889,-122.3308333
7/16/1980 13:40,seattle,wa,us,cylinder,180,3 minutes,Cylinder UFO Sighted in Seattle&#44 Washington,8/12/2008,47.6063889,-122.3308333
7/16/2005 17:05,seattle,wa,us,flash,4,4 sec,Sun reflecting off long&#44 thin object  following airliner&#44 then airliner &quot;disappears&#39 into small cloud.,9/2/2005,47.6063889,-122.3308333
7/16/2006 05:20,seattle,wa,us,rectangle,315,5:15,I first noticed the object 3/4 of a mile north of my location&#44 at which point what seemed to look like a vertical floating monolith. As,10/30/2006,47.6063889,-122.3308333
7/16/2007 22:00,seattle,wa,us,teardrop,1,1 second,Photographed UFO over Puget Sound on July 16&#44 2007 just after sunset.,8/7/2007,47.6063889,-122.3308333
7/17/2010 11:20,seattle,wa,us,fireball,900,15 minutes,Fireballs over night sky in Seattle.,7/19/2010,47.6063889,-122.3308333
7/17/2010 23:00,seattle,wa,us,unknown,180,3 minutes,Witnessed 25+ UFO&#39s in the sky (orange lights)&#44 all in same flight pattern.,7/19/2010,47.6063889,-122.3308333
7/17/2010 23:15,seattle,wa,us,fireball,600,10 min,there were 20-30 objects in the sky. they all looked the same; an orb that was colored red oarnge with an yellow aurora. they were firs,7/19/2010,47.6063889,-122.3308333
7/17/2010 23:15,seattle,wa,us,formation,600,10 min,there formation/armada was huge.,7/19/2010,47.6063889,-122.3308333
7/17/2010 23:15,seattle,wa,us,sphere,600,10 min,This is the most awe inspiring moment of my life and i was somewhat sad too see them leave i really felt like i ment our creator.,7/19/2010,47.6063889,-122.3308333
7/17/2010 23:37,seattle,wa,us,sphere,600,10 minutes,Orange balls of light in Seattle night sky on July 17&#44 2010 at 11:37pm,7/28/2010,47.6063889,-122.3308333
7/18/2005 12:20,seattle,wa,us,flash,5,5 seconds,Expanding and Disappearing Light,9/2/2005,47.6063889,-122.3308333
7/18/2009 01:00,seattle,wa,us,disk,15,15 seconds,A lit-up disc in sky does some chaotic zig-zagging and flies off in a matter of seconds.,8/5/2009,47.6063889,-122.3308333
7/18/2013 22:45,seattle,wa,us,rectangle,5,5 seconds,Rectangular Wing sited over Seattle Washington&#44  on July 18&#44 2013.,7/22/2013,47.6063889,-122.3308333
7/19/2013 23:01,seattle,wa,us,light,180,2-3 minutes each,At 11:00 pm I was with a group at an outdoor cinema on Capitol Hill.  I noticed three reddish orange orbs of light moving south from ov,8/30/2013,47.6063889,-122.3308333
7/20/2013 22:02,seattle,wa,us,circle,240,3-4 minutes,I witnessed a large glowing transparent ovoid shape with very bright orange light inside.,7/22/2013,47.6063889,-122.3308333
7/22/1987 10:15,seattle,wa,us,triangle,120,about 2 minutes,Saw a triangular light formation on an aerial object with a light pulsing in the middle pass directly overhead on the Puget Sound,7/25/2004,47.6063889,-122.3308333
7/22/2009 23:25,seattle,wa,us,changing,1500,25 minutes,obseved star like UFO fading from very bright to a dim red light&#44 disappering altogether and reappering for 25 minutes at 11:25 July 22,8/5/2009,47.6063889,-122.3308333
7/22/2013 20:50,seattle,wa,us,oval,540,6-9 minutes,Two large&#44 brightly lit oval disks seen from West Seattle South over Puget Sound,8/30/2013,47.6063889,-122.3308333
7/23/2010 21:15,seattle,wa,us,other,1500,15-25min,Visually observed and photographed pentagon-shaped/faceted object; light colored/no lights.  ((NUFORC Note:  Probably not a UFO.  PD)),7/28/2010,47.6063889,-122.3308333
7/23/2011 17:00,seattle,wa,us,unknown,900,15 minutes,Three Silver Unknown Objects Observed Over Western Seattle Sky,8/7/2011,47.6063889,-122.3308333
7/24/1996 16:00,seattle,wa,us,rectangle,2700,45 minutes,Boomerang shaped metalic craft over the pugit sound,5/24/2005,47.6063889,-122.3308333
7/25/2011 03:20,seattle,wa,us,fireball,8,8 seconds,Green to red fireball sited in Seattle&#44 traveling E to W and a large flash of light beyond the horizon.  ((NUFORC Note:  Meteor?  PD)),8/7/2011,47.6063889,-122.3308333
7/26/2002 02:00,seattle,wa,us,cigar,60,1 minute,shiny cigar shaped thing with no wings,8/28/2002,47.6063889,-122.3308333
7/26/2006 22:00,seattle,wa,us,light,300,4-5 minutes,NA,10/30/2006,47.6063889,-122.3308333
7/26/2007 18:00,seattle,wa,us,rectangle,10,10 sec,Shaning and static object in Elliot Bay; disappeared in fractions of seconds.,8/7/2007,47.6063889,-122.3308333
7/27/2002 23:00,seattle,wa,us,flash,20,20 seconds,I was out in the backyard of the house at 1827 39th Ave. E. in Madison Park area of Seattle&#44 looking at the stars and then observed a f,8/16/2002,47.6063889,-122.3308333
7/28/1995 03:45,seattle,wa,us,NA,300,5 min.,Man repts. several sightings of very rapidly moving lights &amp; dark bodies overhead.  Reflect city lights off ventral sides.,11/2/1999,47.6063889,-122.3308333
7/28/2003 01:30,seattle,wa,us,circle,1800,30 minutes,Spotted with bonoculars - investigated further with Meade 4504 Telescope SR 4mm&#44 H 12.5mm&#44 H 25mm,8/1/2003,47.6063889,-122.3308333
7/29/2005 22:20,seattle,wa,us,triangle,900,15 minutes,Low flying triangular object over Greenlake&#44 Seattle.,10/11/2005,47.6063889,-122.3308333
7/30/2004 22:50,seattle,wa,us,triangle,15,10-15 seconds,Four lights of yellow-orange color which was in a  triangular form that made no noise flying in the SW direction.,8/11/2004,47.6063889,-122.3308333
7/31/2003 22:40,seattle,wa,us,light,3,2-3 seconds,It was about 10:40 pm. a light moving slowly north&#44 seemed like a plane but suddenly moved very fast in an arc and dissappeared.,8/1/2003,47.6063889,-122.3308333
7/31/2005 23:03,seattle,wa,us,other,480,8 minutes,Object seen shot downward from small aircraft in Seattle area&#44 followed by flash and huge discharge cloud.,10/11/2005,47.6063889,-122.3308333
7/31/2006 21:30,seattle,wa,us,fireball,600,10m+,Fiery glow&#44 moving in distance over Olympic Mountains,10/30/2006,47.6063889,-122.3308333
7/3/2001 02:10,seattle,wa,us,fireball,15,15 seconds,In the wee hours of July 3rd I saw a giant red fireball fall slowly over the north of Puget Sound.,8/5/2001,47.6063889,-122.3308333
7/3/2010 20:00,seattle,wa,us,fireball,15,15 sec,July 3&#44 2010 sighting over Seattle&#44WA,7/28/2010,47.6063889,-122.3308333
7/4/1947 17:30,seattle,wa,us,oval,10,ten seconds,While walking in Woodland Park in Seattle&#44 Washington&#44 on July 4&#44 1947&#44 I looked up and saw a bright white oval object come down .,11/21/2010,47.6063889,-122.3308333
7/4/2002 22:45,seattle,wa,us,changing,240,4 min,i had seen a flying obect change shape&#44 color and even blink&#33,2/11/2003,47.6063889,-122.3308333
7/4/2003 22:00,seattle,wa,us,triangle,900,15 minutes,Triangular Ships Sighted in 4th of July skies over Seattle&#44 WA.,8/28/2003,47.6063889,-122.3308333
7/4/2009 21:50,seattle,wa,us,sphere,60,one minute,Orange glowing sphere&#44 vanishes above Fourth of July crowd in Seattle.,8/27/2009,47.6063889,-122.3308333
7/4/2009 22:30,seattle,wa,us,light,10,10 seconds,4th of July - 3 Orange/Red Lights Above Lake Union,8/27/2009,47.6063889,-122.3308333
7/4/2009 23:00,seattle,wa,us,oval,180,3 minutes,3 bright orange oval objects floating slowly overhead then slowly disappearing one by one,8/5/2009,47.6063889,-122.3308333
7/4/2009 23:15,seattle,wa,us,light,120,about 2 minutes,Three Red/Orange hovering lights in the Seattle metro area,8/5/2009,47.6063889,-122.3308333
7/4/2010 21:50,seattle,wa,us,light,1800,30 minutes,Bright orange/red light orb seen over Gasworks Park&#44 Seattle just moments before fireworks show.,7/6/2010,47.6063889,-122.3308333
7/4/2012 21:00,seattle,wa,us,light,1800,30 minutes,Saw numerous red-orange objects moving slowing in north to south and also south to north in Seattle over a 20 minute period during Lake,8/5/2012,47.6063889,-122.3308333
7/4/2012 22:00,seattle,wa,us,fireball,1800,30 minutes,Multiple glowing objects flying South down Puget Sound,8/5/2012,47.6063889,-122.3308333
7/4/2012 22:00,seattle,wa,us,light,1200,20 minutes,Red-orange objects moving slowing in north to south and also south to north directions over a 20 minute period in Seattle,8/5/2012,47.6063889,-122.3308333
7/4/2012 22:35,seattle,wa,us,diamond,120,2 minutes,3 fast moving and low aircraft,8/5/2012,47.6063889,-122.3308333
7/4/2012 23:00,seattle,wa,us,sphere,300,5 minutes,Orange glowing orbs over Seattle July 4th 2012,8/5/2012,47.6063889,-122.3308333
7/4/2013 22:25,seattle,wa,us,unknown,600,10 minutes,A RED Light was seen over the Highland Park area of Seattle (((Drone?))).,7/14/2013,47.6063889,-122.3308333
7/5/2000 05:47,seattle,wa,us,light,4,2-4 second,On my way home entering the Ballard bridge I look up in the sky to enjoy the scienery. At the same time I notice a bright green light p,8/19/2000,47.6063889,-122.3308333
7/5/2002 22:30,seattle,wa,us,light,1800,30 minutes,Bright light appeared to (perhaps) be hovering closely outside of earth&#39s atmosphere,7/26/2002,47.6063889,-122.3308333
7/6/2010 20:25,seattle,wa,us,light,300,5 minutes,Two fixed orange lights over Seattle&#44 Puget Sound,7/10/2010,47.6063889,-122.3308333
7/6/2010 22:00,seattle,wa,us,circle,5,5 seconds,something is glowing in the sky ..yellowish ornage in color .this is the brightest light I have ever seen..,7/10/2010,47.6063889,-122.3308333
7/6/2010 23:00,seattle,wa,us,sphere,60,1 min,shperical object sighted in west seattle 7-6-10,7/10/2010,47.6063889,-122.3308333
7/7/1999 16:30,seattle,wa,us,light,1200,20 minutes,Star Wars blows up incoming.,1/10/2014,47.6063889,-122.3308333
7/7/2008 20:07,seattle,wa,us,changing,1800,20-30 minutes,Sighting through photographs,8/12/2008,47.6063889,-122.3308333
7/7/2010 22:00,seattle,wa,us,NA,180,five hours,When space ships decend out of the stars and come down to earth very slowly&#44 hardly anyone notices.,7/10/2010,47.6063889,-122.3308333
7/7/2012 22:00,seattle,wa,us,circle,600,5-10 minutes,15-16 bright objects seen in Seattle&#44 WA on 7/7/12,8/5/2012,47.6063889,-122.3308333
7/7/2012 22:00,seattle,wa,us,circle,600,5-10 minutes,Cluster of 15-16 bright lights traveled from East to South over Puget Sound from Lake Union,8/5/2012,47.6063889,-122.3308333
7/7/2012 23:00,seattle,wa,us,fireball,300,3-5 minutes,Multiple &quot;fireballs&quot; seen over North Seattle,8/5/2012,47.6063889,-122.3308333
7/7/2012 23:07,seattle,wa,us,other,120,2 minutes,15-18 lights seen over Seattle,8/19/2012,47.6063889,-122.3308333
7/7/2012 23:40,seattle,wa,us,fireball,600,10 minutes,Location: On top of Magnolia in Seattle. Eyres Pl W. Looking North  Time: 11:40 PM PST  It was a perfectly clear and still Seattle nigh,8/5/2012,47.6063889,-122.3308333
7/8/2010 22:40,seattle,wa,us,fireball,360,6 minutes,Four orange/red flare like objects flying across Seattle,7/10/2010,47.6063889,-122.3308333
7/8/2010 22:44,seattle,wa,us,diamond,360,6 minutes,4 glowing objects travel in formation over Puget Sound.,7/19/2010,47.6063889,-122.3308333
7/8/2013 22:55,seattle,wa,us,light,2400,30-40 minutes,Saw a UFO that looked like a star several times near the Big Dipper,7/14/2013,47.6063889,-122.3308333
7/9/1999 20:35,seattle,wa,us,light,14,10-14 seconds,A bright light about the sized of a dime appeared&#44 high in the NE sky.  It lasted for about 5 seconds&#44 then dropped immediately to abou,7/14/1999,47.6063889,-122.3308333
7/9/2007 12:30,seattle,wa,us,unknown,1800,30 mins,Odd object over Seattle&#44 perfectly clear day&#44 airplanes and bird in frames for comparison,8/7/2007,47.6063889,-122.3308333
7/9/2008 21:05,seattle,wa,us,disk,900,15 minutes,white disc with silver color change shaped object trailing slowly hovering above clouds at sunset on Elliot Bay,8/12/2008,47.6063889,-122.3308333
7/9/2009 22:30,seattle,wa,us,light,180,3 minutes,Bright light headed East&#44 swerving&#44 boosting&#44 pulsing. stopped&#44 continued east&#44 beam came from center. ((NUFORC Note:  ISS.  PD)),8/5/2009,47.6063889,-122.3308333
8/10/1996 22:45,seattle,wa,us,triangle,600,10 minutes,Orange triangular object&#44 very distant&#44 very slow&#44 binocular brightness.,12/12/2011,47.6063889,-122.3308333
8/10/1998 21:40,seattle,wa,us,circle,120,2 minutes,I was taking my wife to the airport heading south on I-5 and we were going by downtown Seattle when looking directly to our west we saw,7/11/2000,47.6063889,-122.3308333
8/10/2012 02:00,seattle,wa,us,fireball,120,2 minutes,Lone Fireball flew over my apartment&#44 zig-zagged&#44 changed colors&#44 flew off(?),8/19/2012,47.6063889,-122.3308333
8/10/2013 03:30,seattle,wa,us,light,20,15-20 seconds,Darting amber glow moving hummingbird-like through the clouds east of capitol hill in Seattle at 3:30am,8/30/2013,47.6063889,-122.3308333
8/11/2008 15:30,seattle,wa,us,circle,180,3 minutes,5 white objects hovering in Seattle in a unique uniform pattern.,10/31/2008,47.6063889,-122.3308333
8/11/2012 22:00,seattle,wa,us,chevron,5,5 seconds,4 golden/glowing chevrons moving across the sky in formation,8/19/2012,47.6063889,-122.3308333
8/1/1995 22:45,seattle,wa,us,NA,2,1-2 sec.,Woman&#44 cousin&#44 and neighbors witness large&#44 very bright obj. descend rapidly in SW sky. &quot;1/2 size of moon.&quot; Large tail&#44 left trail.,11/2/1999,47.6063889,-122.3308333
8/1/1999 15:30,seattle,wa,us,cigar,420,7 minutes,We witnessed a large peach-colored cigar-shaped object move at a high rate of speed in a southerly direction.,8/10/1999,47.6063889,-122.3308333
8/1/1999 15:31,seattle,wa,us,cigar,360,6 minutes,looking south-south east&#44 object was moving from left to right and away from us.  Peach or amber glow was like setting sun on moon.  Sp,8/10/1999,47.6063889,-122.3308333
8/1/1999 17:30,seattle,wa,us,cigar,7,7 seconds,A cigar shaped obect suddenly appeared out of nowhere&#44 a light pulsed along it&#39s length from right to left&#44 the object faded and then d,8/10/1999,47.6063889,-122.3308333
8/1/1999 21:30,seattle,wa,us,disk,3,3 seconds,Brilliant&#44 moon sized&#44 white disc descending rapidly over Seattle that disappeared behind Capitol Hill.,9/17/2000,47.6063889,-122.3308333
8/1/2000 02:17,seattle,wa,us,light,30,<30 seconds,high altitude dogfighting lights,9/17/2000,47.6063889,-122.3308333
8/1/2004 04:00,seattle,wa,us,unknown,5,3-5 seconds,At between approximately 4:00am and 4:30am I was looking at the stars and saw what appeared to be a very high flying aircraft&#44 flying s,8/11/2004,47.6063889,-122.3308333
8/12/1995 21:43,seattle,wa,us,NA,30,30 sec.,Woman w/ 2 neighbors witness peculiar green lights in&#44 or above&#44 clouds.  At one point&#44 lights appeared to become a &quot;bright beam.&quot;,11/2/1999,47.6063889,-122.3308333
8/12/1996 00:30,seattle,wa,us,NA,30,30 sec.,Young man sees 3x faint yellow light&#44 in triangular formation&#44 pass overhead at very high speed&#44 he thought.  Opaque in middle. Silent.,11/2/1999,47.6063889,-122.3308333
8/12/2001 02:30,seattle,wa,us,light,3,3 seconds,Creamy yellow&#44 slow moving light moving N to S&#44 high in the sky&#44 slow turnon/turnoff&#44 then vanished.,8/12/2001,47.6063889,-122.3308333
8/12/2002 01:00,seattle,wa,us,light,10,10seconds,A star disappeared after looking at it for several seconds.,8/16/2002,47.6063889,-122.3308333
8/13/2002 21:00,seattle,wa,us,light,600,10+ minutes,Single star-like object moving erratically&#44 making 90+ degree turns and hovering.,8/16/2002,47.6063889,-122.3308333
8/13/2006 21:18,seattle,wa,us,circle,60,1 minute,Opalescent &#44 round (40 ft - 12 meters in diameter) flying object spotted in Seattle-Northgate area,10/30/2006,47.6063889,-122.3308333
8/14/1998 22:00,seattle,wa,us,rectangle,18000,5+ hours (overnight?),Large visible object on moon,4/28/2001,47.6063889,-122.3308333
8/14/2010 20:48,seattle,wa,us,formation,180,3 minutes,Seattle strange star-like objects,8/24/2010,47.6063889,-122.3308333
8/15/1966 22:30,seattle,wa,us,disk,1800,30 minutes,Summer 1966&#44 10:30pm&#44 4 witnesses&#44 round/dome shape object appeared &#44 approached then hovered in the sky approx. 200&#39 approx 15 mins.,10/31/2003,47.6063889,-122.3308333
8/15/1986 22:00,seattle,wa,us,disk,60,1 minute,Disk with 7 red lights moving like a wheel,7/16/2006,47.6063889,-122.3308333
8/15/1998 22:30,seattle,wa,us,unknown,15,15 seconds,Complex&#44 dark and silent&#44 as it floated over my house.,11/2/2004,47.6063889,-122.3308333
8/15/2003 14:00,seattle,wa,us,circle,300,5 minutes,last summer my buddy and I were looking into the blue sky&#44 when we spotted two round white balls flying straight &#44 and then seemly dart,1/17/2004,47.6063889,-122.3308333
8/15/2006 19:15,seattle,wa,us,unknown,420,5 - 7 minutes,small object sitting still above seattle&#44 extremely far away&#44 wavering a little,10/30/2006,47.6063889,-122.3308333
8/16/2002 00:01,seattle,wa,us,light,10,5-10 seconds,3 star-like lights moving in straight line across the sky. Very fast with no sound.,8/28/2002,47.6063889,-122.3308333
8/18/2006 21:27,seattle,wa,us,other,120,1-2 mins.,Eradic moving&#44 flashing light over West Seattle / Puget Sound.,10/30/2006,47.6063889,-122.3308333
8/20/2005 18:45,seattle,wa,us,light,2700,45 minutes,White&#44 small lights seen in the clear day sky.  Objects seem 5 times in various locations over 45 minutes.,10/11/2005,47.6063889,-122.3308333
8/21/2000 05:15,seattle,wa,us,light,60,1 minute,Bright white light&#44 similar to Venus&#44 moving northward in the northern sky&#44 suddenly dimmed and faded from view.,8/25/2000,47.6063889,-122.3308333
8/21/2001 00:01,seattle,wa,us,other,300,4-5 minutes,Dark Low Flying Plane-Like Object on Flight Path to Seatac Airport,10/12/2001,47.6063889,-122.3308333
8/2/2002 12:30,seattle,wa,us,egg,300,5min,High&#44 fast moving whiteish shape heading north,8/16/2002,47.6063889,-122.3308333
8/2/2007 17:00,seattle,wa,us,circle,1800,30 minutes,Saw same thing thake place in Seattle like reported in Arizona 1997 but dooring daylight hours.,11/28/2007,47.6063889,-122.3308333
8/22/2000 21:30,seattle,wa,us,unknown,30,30 seconds,Bright slow moving object that became brighter during its path across the entire sky.,8/25/2000,47.6063889,-122.3308333
8/24/2002 21:30,seattle,wa,us,other,3,3 seconds,Yellow-white dot of light moving fast  over Queen Anne Hill,8/28/2002,47.6063889,-122.3308333
8/26/2001 02:28,seattle,wa,us,triangle,2,seconds,A dark aircraft with deep red colors triangularly shaped,10/12/2001,47.6063889,-122.3308333
8/26/2001 10:40,seattle,wa,us,unknown,420,7 minutes,Object seen over West Seattle,10/12/2001,47.6063889,-122.3308333
8/27/2011 22:00,seattle,wa,us,light,60,1 minute,all of a sudden a new star appeared in  ((NUFORC Note:  Possible flare from an Iridium satellite??  PD)),10/10/2011,47.6063889,-122.3308333
8/27/2011 22:15,seattle,wa,us,circle,300,5 mins,Two&#44 bright&#44 reddish-orange lights went across the sky&#44 seemingly close as well as not making any noticeable sound. They headed across,10/10/2011,47.6063889,-122.3308333
8/28/2007 02:35,seattle,wa,us,triangle,15,15 seconds,My wife and I were on our balcony from 2:15am to 3:45 to observe the lunar eclipse.  I had setup my digital camera with telephoto lens,10/8/2007,47.6063889,-122.3308333
8/28/2011 21:09,seattle,wa,us,light,180,3 minutes,Seatte,10/10/2011,47.6063889,-122.3308333
8/29/2011 20:30,seattle,wa,us,cylinder,900,10-15 min,8 yellow Orange orbs spotted in U village Area,10/10/2011,47.6063889,-122.3308333
8/30/2003 13:30,seattle,wa,us,cylinder,1800,30 minutes,Shiny cylndrical object hovering over downtown Seattle,9/4/2003,47.6063889,-122.3308333
8/3/2012 21:30,seattle,wa,us,light,2,2 seconds,Bright white light seen over west seattle on august 3rd&#44 2012.,8/19/2012,47.6063889,-122.3308333
8/4/2005 11:00,seattle,wa,us,light,90,1.5,Was it posible for a planet to be viewed by the naked eye to the west on this date?,9/2/2005,47.6063889,-122.3308333
8/5/2005 12:30,seattle,wa,us,circle,20,20 seconds,I saw a silver ball in the clear blue skies above the Blue Angles flying routine in Seattle on 8/5/2005 at Seafair.,9/2/2005,47.6063889,-122.3308333
8/5/2012 22:00,seattle,wa,us,circle,1800,30 minutes,They appeared 1 at a time&#44 starting below the big dipper&#44 from the west&#44 flying just beyond the North star before they faded and disapp,8/19/2012,47.6063889,-122.3308333
8/6/2012 21:33,seattle,wa,us,fireball,60,1 minute,Staying in condo on 1st ave in downtown seattle.  Saw very bright object transverse sky from north to south&#44 75 degrees above horizon t,8/19/2012,47.6063889,-122.3308333
8/7/2012 08:00,seattle,wa,us,rectangle,10,10 seconds,A BRIGHT CRYSTALLY RECTANGLE FLOATS OVER SEATTLE  ON A CLEAR BLUE SKY MORNING.,9/24/2012,47.6063889,-122.3308333
8/7/2013 22:25,seattle,wa,us,circle,420,7 minutes,Slow and steady moving orange/red circles sighted in lower altitude sky above northeast Seattle,8/30/2013,47.6063889,-122.3308333
8/8/2001 22:00,seattle,wa,us,light,10,:10,Green Quick Moving Light,8/12/2001,47.6063889,-122.3308333
8/8/2002 15:15,seattle,wa,us,disk,900,15 min,Hovering for about 10 minutes. Seemed large and very shiny. It would seem to flash when sun hit it.,8/16/2002,47.6063889,-122.3308333
8/8/2005 18:00,seattle,wa,us,cigar,60,1 minute,A silver cigar-shaped object stationery in the evening sky over Seattle,9/2/2005,47.6063889,-122.3308333
8/9/2002 02:22,seattle,wa,us,diamond,90,90 seconds,Large diamond-shaped UFO with four round projections silently glides over downtown Seattle.,8/16/2002,47.6063889,-122.3308333
8/9/2002 22:18,seattle,wa,us,light,60,1 minute,craft seen over seattle with no running lights and no sound.,8/16/2002,47.6063889,-122.3308333
8/9/2004 08:00,seattle,wa,us,cigar,3600,approx. 1 hour,Four bright cigar-shaped objects held their position high above the Cascades&#44 side by side&#44 for at least 40 minutes.,8/24/2004,47.6063889,-122.3308333
8/9/2012 09:03,seattle,wa,us,cigar,60,1 minute,Bright object in sky fades away over Seattle,8/19/2012,47.6063889,-122.3308333
9/10/2011 22:00,seattle,wa,us,circle,60,1 minuet,orange Chinese lanterns fly in formation over large party over 50 kids and adults witness,10/10/2011,47.6063889,-122.3308333
9/11/2001 21:00,seattle,wa,us,light,10800,3 hours,colored lights stationary in sky on night of air traffic shutdown in USA 9/11/01,10/12/2001,47.6063889,-122.3308333
9/11/2010 17:15,seattle,wa,us,triangle,120,2 minutes,I was driving home from work. I do not remember the exact date. It was light out in Seattle and it happened within a year of now. I was,5/2/2011,47.6063889,-122.3308333
9/1/1962 12:00,seattle,wa,us,circle,180,3 mins.,This event occurred many years ago when I was eight. I have never spoken publicly of it&#44 but now&#44 at the age of 45&#44 I am interested in,2/16/2000,47.6063889,-122.3308333
9/1/2012 23:15,seattle,wa,us,fireball,1400,23:20,Fireball sighting in Seattle,9/24/2012,47.6063889,-122.3308333
9/12/2004 11:11,seattle,wa,us,cigar,10,10 seconds,Cigar shaped object with two lights over Seattle,9/29/2004,47.6063889,-122.3308333
9/13/2003 01:28,seattle,wa,us,other,3,2-3seconds,Falling star,9/17/2003,47.6063889,-122.3308333
9/14/2013 20:00,seattle,wa,us,fireball,300,5 minutes?,Small orange fireball type object fell to the pavement on Alkai Beach area,10/14/2013,47.6063889,-122.3308333
9/15/1960 20:30,seattle,wa,us,disk,120,2 min. for me&#44 longer for,Triple disc sighting prior to dusk with a light beam and possible healing. Witnessed.,4/27/2004,47.6063889,-122.3308333
9/15/1995 15:00,seattle,wa,us,NA,10800,3 hrs.,7 witnesses on Phinney Ridge see 4-6 tiny metallic &quot;cigars&quot; hovering&#44 moving&#44 ascending in cloudless sky.  Dramatic sighting&#33,11/2/1999,47.6063889,-122.3308333
9/15/1998 18:00,seattle,wa,us,other,1,1 second,Angled orange light array traveling at stupendous speed across I5 Highway near Boeing Field in the evening.,9/2/2005,47.6063889,-122.3308333
9/15/2001 19:30,seattle,wa,us,circle,600,5-10 minutes,Four circular objects over Seattle.,10/12/2001,47.6063889,-122.3308333
9/15/2001 21:30,seattle,wa,us,light,3600,over an hour,Non-mobile red white and blue steadily flashing light at 40 degrees in the west sky,10/12/2001,47.6063889,-122.3308333
9/16/1995 21:15,seattle,wa,us,NA,20,20 sec.,Man repts. large &quot;vee-shaped boomerang w/ fluorescent light on leading edge&quot; pass slowly overhead.  Estimated 500&#39 altitude.,11/2/1999,47.6063889,-122.3308333
9/18/1999 06:25,seattle,wa,us,NA,120,1 to 2 minutes,Watched a very bright star - planet like object for one to two minutes which remained stationary. This suddenly totally disappeared.,10/2/1999,47.6063889,-122.3308333
9/18/2001 22:30,seattle,wa,us,light,30,30 seconds,Bright red light in the Seattle sky.,10/12/2001,47.6063889,-122.3308333
9/18/2002 19:15,seattle,wa,us,NA,900,15 min.,Woman and boyfriend witness very large&#44 bizarre&#44 brightly lighted object to the west from Seattle.,9/19/2002,47.6063889,-122.3308333
9/18/2004 19:45,seattle,wa,us,triangle,120,1-2 minutes,Black Triangle over Lake Washington,9/29/2004,47.6063889,-122.3308333
9/18/2013 21:30,seattle,wa,us,light,10,10 seconds,Light in Sky Warps towards space.,9/30/2013,47.6063889,-122.3308333
9/19/1997 21:00,seattle,wa,us,other,120,1-2 min,On the night described above&#44 We were getting ready to leave a freind&#39s house in West Seattle. I was the first one out the door. While,1/28/1999,47.6063889,-122.3308333
9/19/1998 21:00,seattle,wa,us,disk,900,15 min,Disk hovered over highway,11/1/1998,47.6063889,-122.3308333
9/19/1998 21:30,seattle,wa,us,egg,180,3 minutes,The &quot;craft&quot; had about 6 white lights around its perimeter and a redish one in the middle. The thing was moving slowly towards the west&#44,11/1/1998,47.6063889,-122.3308333
9/19/1999 02:51,seattle,wa,us,triangle,15,15 seconds,Three glowing triangular objects moved from east to west at a high rate of speed&#44 silently and in perfect formation.,10/2/1999,47.6063889,-122.3308333
9/19/2001 18:46,seattle,wa,us,unknown,180,3 mins.,Possible Aurora Sighting Over Seattle,10/12/2001,47.6063889,-122.3308333
9/20/2001 16:10,seattle,wa,us,other,900,15mins,four stars in the day time sky,10/12/2001,47.6063889,-122.3308333
9/21/1995 23:00,seattle,wa,us,NA,90,90 sec.,OR citizen on Space Needle sees 3 &quot;dull orange lights&quot; fly overhead.  Objects performed some unusual movement in formation.,11/2/1999,47.6063889,-122.3308333
9/21/2009 05:30,seattle,wa,us,triangle,10,10 seconds,7 unblinking lights in triangle formation flying low and northward fast in seattle,12/12/2009,47.6063889,-122.3308333
9/2/2000 04:00,seattle,wa,us,cigar,3,2-3 seconds,Cigar shaped object with several blueish white lights on side sighted moving easterly over Queen Anne neighborhood,9/17/2000,47.6063889,-122.3308333
9/2/2000 21:00,seattle,wa,us,other,1200,about 1/2 hr.,one circular UFO with colored lights&#44 one fireball object&#44 revealed itself and disappeared.,9/17/2000,47.6063889,-122.3308333
9/23/1998 21:10,seattle,wa,us,fireball,8,5-8 seconds,While travelling south on highway 509 (south of 1st south bridge)&#44 a greenish fireball observed in SouthWest sky at about 10 o&#39clock hi,9/26/1998,47.6063889,-122.3308333
9/24/2012 19:00,seattle,wa,us,rectangle,60,1 minute,Low flying aircraft with red and green lights over Green Lake area in Seattle.  ((NUFORC Note:  Aircraft?  PD)),10/30/2012,47.6063889,-122.3308333
9/25/1995 22:30,seattle,wa,us,triangle,120,1-2 min.,Cloudless night&#44 clear: craft silent&#44 six round&#44 pale orange lights on underside of craft; travelled south to north&#44 not fast.I saw it,1/28/1999,47.6063889,-122.3308333
9/27/2003 22:34,seattle,wa,us,light,60,60 seconds,Witnessed a bright green silent light traveling from the north towards the south.,9/28/2003,47.6063889,-122.3308333
9/28/2002 06:50,seattle,wa,us,fireball,120,2 minutes,Streaking objects with smoke/steam tail just above the horizon&#44 east of Seattle just before sunrise. The first appeared at 6:50Am&#44 the,9/29/2002,47.6063889,-122.3308333
9/29/2006 19:40,seattle,wa,us,fireball,2,a few seconds,Fireball over Puget Sound,10/30/2006,47.6063889,-122.3308333
9/29/2010 05:30,seattle,wa,us,unknown,300,5 minutes,peculiar moving bright lights over seattle sound headed sw,11/21/2010,47.6063889,-122.3308333
9/29/2012 19:58,seattle,wa,us,light,240,3-4 minutes,[seattle] Chain of 8 equally spaced&#44 fast moving constant orange lights over Cascades&#44 Western Washington.,10/30/2012,47.6063889,-122.3308333
9/30/2004 22:10,seattle,wa,us,light,3,2-3 seconds,small star sized light moving at high rate of speed&#44 NOT a meteor&#33  Too fast for satellite,10/27/2004,47.6063889,-122.3308333
9/3/2003 22:00,seattle,wa,us,formation,5,5 seconds (approx.),Telephoned Report:  A man calls to report that while he was out walking his dogs in the vicinity of Northgate in Seattle&#44 his periphera,9/4/2003,47.6063889,-122.3308333
9/3/2005 22:20,seattle,wa,us,light,300,5 minutes,5 dark blue lights traveling east then south,9/15/2005,47.6063889,-122.3308333
9/3/2005 22:30,seattle,wa,us,light,300,5 minutes,Bright blue lights in the night sky above downtown Seattle.,11/3/2005,47.6063889,-122.3308333
9/3/2009 20:00,seattle,wa,us,light,600,10 minutes,large white lighted craft viewed over seattle&#44 wa,12/12/2009,47.6063889,-122.3308333
9/5/2011 01:00,seattle,wa,us,light,60,1 minute,Eight orange lights appeared over downtown Seattle and then disappeared.,10/10/2011,47.6063889,-122.3308333
9/6/1993 00:30,seattle,wa,us,triangle,6,6 seconds,lights over Seattle,9/9/2003,47.6063889,-122.3308333
9/6/2004 20:10,seattle,wa,us,teardrop,4,3-4 seconds,orange-yellow teardrop flying very fast over south seattle,9/29/2004,47.6063889,-122.3308333
9/6/2005 22:00,seattle,wa,us,triangle,10,10 seconds,Triangular craft w/ large&#44dim yellow-orange lights @ corners over  N. Seattle 09/06/05,10/11/2005,47.6063889,-122.3308333
9/7/2002 01:30,seattle,wa,us,triangle,20,20 seconds,Large black triangle w/ 3 lights on tips hovering low over office buildings in downtown Seattle.,9/13/2002,47.6063889,-122.3308333
9/7/2002 21:30,seattle,wa,us,circle,900,15 minutes,Very large white&#44 green and red light hovering in one position in the southwest sky.  Turned off a couple of times&#44 but only for a few,9/13/2002,47.6063889,-122.3308333
9/8/2012 21:00,seattle,wa,us,circle,1800,30 minutes,Multiple bright strobes in a circular pattern over Puget Sound near Mebane Point navigational bouy.,9/24/2012,47.6063889,-122.3308333
